Mon Dec  2 05:37:01 EST 2013, 20.85, %O2
Mon Dec  2 05:38:02 EST 2013, 20.86, %O2
Mon Dec  2 05:39:01 EST 2013, 20.87, %O2
Mon Dec  2 05:40:01 EST 2013, 20.84, %O2
Mon Dec  2 05:41:02 EST 2013, 20.85, %O2
Mon Dec  2 05:42:01 EST 2013, 20.85, %O2
Mon Dec  2 05:43:02 EST 2013, 20.86, %O2
Mon Dec  2 05:44:01 EST 2013, 20.87, %O2
Mon Dec  2 05:45:02 EST 2013, 20.84, %O2
Mon Dec  2 05:46:01 EST 2013, 20.86, %O2
Mon Dec  2 05:47:02 EST 2013, 20.86, %O2
Mon Dec  2 05:48:01 EST 2013, 20.86, %O2
Mon Dec  2 05:49:02 EST 2013, 20.84, %O2
Mon Dec  2 05:50:01 EST 2013, 20.85, %O2
Mon Dec  2 05:51:02 EST 2013, 20.85, %O2
Mon Dec  2 05:52:01 EST 2013, 20.84, %O2
Mon Dec  2 05:53:02 EST 2013, 20.85, %O2
Mon Dec  2 05:54:01 EST 2013, 20.84, %O2
Mon Dec  2 05:55:02 EST 2013, 20.85, %O2
Mon Dec  2 05:56:02 EST 2013, 20.85, %O2
Mon Dec  2 05:57:01 EST 2013, 20.85, %O2
Mon Dec  2 05:58:02 EST 2013, 20.85, %O2
Mon Dec  2 05:59:01 EST 2013, 20.82, %O2
Mon Dec  2 06:00:02 EST 2013, 20.82, %O2
Mon Dec  2 06:01:01 EST 2013, 20.83, %O2
Mon Dec  2 06:02:02 EST 2013, 20.82, %O2
Mon Dec  2 06:03:01 EST 2013, 20.8, %O2
Mon Dec  2 06:04:01 EST 2013, 20.83, %O2
Mon Dec  2 06:05:01 EST 2013, 20.85, %O2
Mon Dec  2 06:06:01 EST 2013, 20.85, %O2
Mon Dec  2 06:07:02 EST 2013, 20.82, %O2
Mon Dec  2 06:08:01 EST 2013, 20.85, %O2
Mon Dec  2 06:09:02 EST 2013, 20.84, %O2
Mon Dec  2 06:10:02 EST 2013, 20.82, %O2
Mon Dec  2 06:11:01 EST 2013, 20.77, %O2
Mon Dec  2 06:12:02 EST 2013, 20.76, %O2
Mon Dec  2 06:13:01 EST 2013, 20.8, %O2
Mon Dec  2 06:14:02 EST 2013, 20.81, %O2
Mon Dec  2 06:15:01 EST 2013, 20.82, %O2
Mon Dec  2 06:16:02 EST 2013, 20.8, %O2
Mon Dec  2 06:17:01 EST 2013, 20.83, %O2
Mon Dec  2 06:18:02 EST 2013, 20.81, %O2
Mon Dec  2 06:19:01 EST 2013, 20.83, %O2
Mon Dec  2 06:20:01 EST 2013, 20.82, %O2
Mon Dec  2 06:21:01 EST 2013, 20.81, %O2
Mon Dec  2 06:22:02 EST 2013, 20.82, %O2
Mon Dec  2 06:23:01 EST 2013, 20.84, %O2
Mon Dec  2 06:24:02 EST 2013, 20.86, %O2
Mon Dec  2 06:25:02 EST 2013, 20.84, %O2
Mon Dec  2 06:26:01 EST 2013, 20.85, %O2
Mon Dec  2 06:27:02 EST 2013, 20.87, %O2
Mon Dec  2 06:28:01 EST 2013, 20.87, %O2
Mon Dec  2 06:29:02 EST 2013, 20.89, %O2
Mon Dec  2 06:30:01 EST 2013, 20.86, %O2
Mon Dec  2 06:31:02 EST 2013, 20.87, %O2
Mon Dec  2 06:32:01 EST 2013, 20.87, %O2
Mon Dec  2 06:33:02 EST 2013, 20.87, %O2
Mon Dec  2 06:34:01 EST 2013, 20.87, %O2
Mon Dec  2 06:35:02 EST 2013, 20.87, %O2
Mon Dec  2 06:36:01 EST 2013, 20.82, %O2
Mon Dec  2 06:37:02 EST 2013, 20.89, %O2
Mon Dec  2 06:38:01 EST 2013, 20.89, %O2
Mon Dec  2 06:39:01 EST 2013, 20.87, %O2
Mon Dec  2 06:40:01 EST 2013, 20.87, %O2
Mon Dec  2 06:41:01 EST 2013, 20.89, %O2
Mon Dec  2 06:42:01 EST 2013, 20.86, %O2
Mon Dec  2 06:43:02 EST 2013, 20.87, %O2
Mon Dec  2 06:44:01 EST 2013, 20.87, %O2
Mon Dec  2 06:45:02 EST 2013, 20.87, %O2
Mon Dec  2 06:46:01 EST 2013, 20.86, %O2
Mon Dec  2 06:47:02 EST 2013, 20.85, %O2
Mon Dec  2 06:48:01 EST 2013, 20.86, %O2
Mon Dec  2 06:49:02 EST 2013, 20.83, %O2
Mon Dec  2 06:50:01 EST 2013, 20.84, %O2
Mon Dec  2 06:51:02 EST 2013, 20.85, %O2
Mon Dec  2 06:52:01 EST 2013, 20.86, %O2
Mon Dec  2 06:53:02 EST 2013, 20.86, %O2
Mon Dec  2 06:54:01 EST 2013, 20.85, %O2
Mon Dec  2 06:55:01 EST 2013, 20.85, %O2
Mon Dec  2 06:56:02 EST 2013, 20.85, %O2
Mon Dec  2 06:57:01 EST 2013, 20.85, %O2
Mon Dec  2 06:58:02 EST 2013, 20.84, %O2
Mon Dec  2 06:59:01 EST 2013, 20.85, %O2
Mon Dec  2 07:00:02 EST 2013, 20.84, %O2
Mon Dec  2 07:01:01 EST 2013, 20.82, %O2
Mon Dec  2 07:02:02 EST 2013, 20.83, %O2
Mon Dec  2 07:03:01 EST 2013, 20.83, %O2
Mon Dec  2 07:04:02 EST 2013, 20.8, %O2
Mon Dec  2 07:05:01 EST 2013, 20.83, %O2
Mon Dec  2 07:06:02 EST 2013, 20.85, %O2
Mon Dec  2 07:07:02 EST 2013, 20.82, %O2
Mon Dec  2 07:08:01 EST 2013, 20.83, %O2
Mon Dec  2 07:09:02 EST 2013, 20.83, %O2
Mon Dec  2 07:10:02 EST 2013, 20.82, %O2
Mon Dec  2 07:11:01 EST 2013, 20.79, %O2
Mon Dec  2 07:12:02 EST 2013, 20.83, %O2
Mon Dec  2 07:13:01 EST 2013, 20.8, %O2
Mon Dec  2 07:14:02 EST 2013, 20.8, %O2
Mon Dec  2 07:15:01 EST 2013, 20.82, %O2
Mon Dec  2 07:16:02 EST 2013, 20.82, %O2
Mon Dec  2 07:17:01 EST 2013, 20.82, %O2
Mon Dec  2 07:18:02 EST 2013, 20.82, %O2
Mon Dec  2 07:19:01 EST 2013, 20.82, %O2
Mon Dec  2 07:20:02 EST 2013, 20.81, %O2
Mon Dec  2 07:21:01 EST 2013, 20.79, %O2
Mon Dec  2 07:22:01 EST 2013, 20.81, %O2
Mon Dec  2 07:23:02 EST 2013, 20.8, %O2
Mon Dec  2 07:24:01 EST 2013, 20.8, %O2
Mon Dec  2 07:25:02 EST 2013, 20.81, %O2
Mon Dec  2 07:26:01 EST 2013, 20.81, %O2
Mon Dec  2 07:27:02 EST 2013, 20.78, %O2
Mon Dec  2 07:28:01 EST 2013, 20.82, %O2
Mon Dec  2 07:29:02 EST 2013, 20.8, %O2
Mon Dec  2 07:30:02 EST 2013, 20.84, %O2
Mon Dec  2 07:31:01 EST 2013, 20.8, %O2
Mon Dec  2 07:32:02 EST 2013, 20.81, %O2
Mon Dec  2 07:33:01 EST 2013, 20.81, %O2
Mon Dec  2 07:34:02 EST 2013, 20.82, %O2
Mon Dec  2 07:35:01 EST 2013, 20.82, %O2
Mon Dec  2 07:36:02 EST 2013, 20.83, %O2
Mon Dec  2 07:37:02 EST 2013, 20.8, %O2
Mon Dec  2 07:38:01 EST 2013, 20.8, %O2
Mon Dec  2 07:39:02 EST 2013, 20.8, %O2
Mon Dec  2 07:40:02 EST 2013, 20.8, %O2
Mon Dec  2 07:41:01 EST 2013, 20.82, %O2
Mon Dec  2 07:42:02 EST 2013, 20.8, %O2
Mon Dec  2 07:43:01 EST 2013, 20.8, %O2
Mon Dec  2 07:44:02 EST 2013, 20.8, %O2
Mon Dec  2 07:45:01 EST 2013, 20.79, %O2
Mon Dec  2 07:46:01 EST 2013, 20.8, %O2
Mon Dec  2 07:47:02 EST 2013, 20.85, %O2
Mon Dec  2 07:48:01 EST 2013, 20.83, %O2
Mon Dec  2 07:49:02 EST 2013, 20.82, %O2
Mon Dec  2 07:50:01 EST 2013, 20.81, %O2
Mon Dec  2 07:51:02 EST 2013, 20.82, %O2
Mon Dec  2 07:52:01 EST 2013, 20.82, %O2
Mon Dec  2 07:53:02 EST 2013, 20.79, %O2
Mon Dec  2 07:54:01 EST 2013, 20.8, %O2
Mon Dec  2 07:55:02 EST 2013, 20.81, %O2
Mon Dec  2 07:56:02 EST 2013, 20.8, %O2
Mon Dec  2 07:57:01 EST 2013, 20.8, %O2
Mon Dec  2 07:58:02 EST 2013, 20.78, %O2
Mon Dec  2 07:59:01 EST 2013, 20.79, %O2
Mon Dec  2 08:00:02 EST 2013, 20.77, %O2
Mon Dec  2 08:01:02 EST 2013, 20.8, %O2
Mon Dec  2 08:02:01 EST 2013, 20.78, %O2
Mon Dec  2 08:03:02 EST 2013, 20.79, %O2
Mon Dec  2 08:04:01 EST 2013, 20.79, %O2
Mon Dec  2 08:05:02 EST 2013, 20.8, %O2
Mon Dec  2 08:06:01 EST 2013, 20.78, %O2
Mon Dec  2 08:07:02 EST 2013, 20.8, %O2
Mon Dec  2 08:08:01 EST 2013, 20.78, %O2
Mon Dec  2 08:09:02 EST 2013, 20.8, %O2
Mon Dec  2 08:10:02 EST 2013, 20.78, %O2
Mon Dec  2 08:11:01 EST 2013, 20.76, %O2
Mon Dec  2 08:12:02 EST 2013, 20.78, %O2
Mon Dec  2 08:13:02 EST 2013, 20.78, %O2
Mon Dec  2 08:14:01 EST 2013, 20.79, %O2
Mon Dec  2 08:15:02 EST 2013, 20.77, %O2
Mon Dec  2 08:16:01 EST 2013, 20.8, %O2
Mon Dec  2 08:17:02 EST 2013, 20.76, %O2
Mon Dec  2 08:18:02 EST 2013, 20.78, %O2
Mon Dec  2 08:19:01 EST 2013, 20.78, %O2
Mon Dec  2 08:20:02 EST 2013, 20.78, %O2
Mon Dec  2 08:21:01 EST 2013, 20.78, %O2
Mon Dec  2 08:22:02 EST 2013, 20.78, %O2
Mon Dec  2 08:23:01 EST 2013, 20.78, %O2
Mon Dec  2 08:24:02 EST 2013, 20.76, %O2
Mon Dec  2 08:25:01 EST 2013, 20.78, %O2
Mon Dec  2 08:26:02 EST 2013, 20.78, %O2
Mon Dec  2 08:27:01 EST 2013, 20.77, %O2
Mon Dec  2 08:28:02 EST 2013, 20.75, %O2
Mon Dec  2 08:29:01 EST 2013, 20.77, %O2
Mon Dec  2 08:30:01 EST 2013, 20.75, %O2
Mon Dec  2 08:31:01 EST 2013, 20.77, %O2
Mon Dec  2 08:32:01 EST 2013, 20.75, %O2
Mon Dec  2 08:33:01 EST 2013, 20.76, %O2
Mon Dec  2 08:34:01 EST 2013, 20.78, %O2
Mon Dec  2 08:35:02 EST 2013, 20.75, %O2
Mon Dec  2 08:36:01 EST 2013, 20.74, %O2
Mon Dec  2 08:37:02 EST 2013, 20.74, %O2
Mon Dec  2 08:38:01 EST 2013, 20.76, %O2
Mon Dec  2 08:39:02 EST 2013, 20.76, %O2
Mon Dec  2 08:40:02 EST 2013, 20.75, %O2
Mon Dec  2 08:41:01 EST 2013, 20.77, %O2
Mon Dec  2 08:42:02 EST 2013, 20.76, %O2
Mon Dec  2 08:43:01 EST 2013, 20.76, %O2
Mon Dec  2 08:44:02 EST 2013, 20.75, %O2
Mon Dec  2 08:45:01 EST 2013, 20.76, %O2
Mon Dec  2 08:46:02 EST 2013, 20.76, %O2
Mon Dec  2 08:47:01 EST 2013, 20.76, %O2
Mon Dec  2 08:48:02 EST 2013, 20.76, %O2
Mon Dec  2 08:49:01 EST 2013, 20.77, %O2
Mon Dec  2 08:50:02 EST 2013, 20.78, %O2
Mon Dec  2 08:51:02 EST 2013, 20.76, %O2
Mon Dec  2 08:52:01 EST 2013, 20.78, %O2
Mon Dec  2 08:53:02 EST 2013, 20.74, %O2
Mon Dec  2 08:54:01 EST 2013, 20.75, %O2
Mon Dec  2 08:55:02 EST 2013, 20.74, %O2
Mon Dec  2 08:56:01 EST 2013, 20.74, %O2
Mon Dec  2 08:57:02 EST 2013, 20.77, %O2
Mon Dec  2 08:58:01 EST 2013, 20.77, %O2
Mon Dec  2 08:59:02 EST 2013, 20.75, %O2
Mon Dec  2 09:00:01 EST 2013, 20.74, %O2
Mon Dec  2 09:01:02 EST 2013, 20.76, %O2
Mon Dec  2 09:02:01 EST 2013, 20.73, %O2
Mon Dec  2 09:03:01 EST 2013, 20.74, %O2
Mon Dec  2 09:04:02 EST 2013, 20.75, %O2
Mon Dec  2 09:05:01 EST 2013, 20.77, %O2
Mon Dec  2 09:06:02 EST 2013, 20.75, %O2
Mon Dec  2 09:07:01 EST 2013, 20.76, %O2
Mon Dec  2 09:08:02 EST 2013, 20.76, %O2
Mon Dec  2 09:09:02 EST 2013, 20.75, %O2
Mon Dec  2 09:10:01 EST 2013, 20.77, %O2
Mon Dec  2 09:11:02 EST 2013, 20.75, %O2
Mon Dec  2 09:12:01 EST 2013, 20.76, %O2
Mon Dec  2 09:13:02 EST 2013, 20.77, %O2
Mon Dec  2 09:14:01 EST 2013, 20.75, %O2
Mon Dec  2 09:15:02 EST 2013, 20.72, %O2
Mon Dec  2 09:16:01 EST 2013, 20.73, %O2
Mon Dec  2 09:17:02 EST 2013, 20.74, %O2
Mon Dec  2 09:18:01 EST 2013, 20.74, %O2
Mon Dec  2 09:19:02 EST 2013, 20.74, %O2
Mon Dec  2 09:20:01 EST 2013, 20.75, %O2
Mon Dec  2 09:21:02 EST 2013, 20.73, %O2
Mon Dec  2 09:22:01 EST 2013, 20.75, %O2
Mon Dec  2 09:23:02 EST 2013, 20.74, %O2
Mon Dec  2 09:24:01 EST 2013, 20.74, %O2
Mon Dec  2 09:25:01 EST 2013, 20.72, %O2
Mon Dec  2 09:26:01 EST 2013, 20.76, %O2
Mon Dec  2 09:27:01 EST 2013, 20.77, %O2
Mon Dec  2 09:28:01 EST 2013, 20.72, %O2
Mon Dec  2 09:29:01 EST 2013, 20.76, %O2
Mon Dec  2 09:30:02 EST 2013, 20.74, %O2
Mon Dec  2 09:31:01 EST 2013, 20.72, %O2
Mon Dec  2 09:32:02 EST 2013, 20.76, %O2
Mon Dec  2 09:33:01 EST 2013, 20.74, %O2
Mon Dec  2 09:34:02 EST 2013, 20.76, %O2
Mon Dec  2 09:35:01 EST 2013, 20.73, %O2
Mon Dec  2 09:36:02 EST 2013, 20.75, %O2
Mon Dec  2 09:37:01 EST 2013, 20.74, %O2
Mon Dec  2 09:38:02 EST 2013, 20.75, %O2
Mon Dec  2 09:39:02 EST 2013, 20.74, %O2
Mon Dec  2 09:40:01 EST 2013, 20.76, %O2
Mon Dec  2 09:41:02 EST 2013, 20.75, %O2
Mon Dec  2 09:42:01 EST 2013, 20.72, %O2
Mon Dec  2 09:43:02 EST 2013, 20.74, %O2
Mon Dec  2 09:44:01 EST 2013, 20.73, %O2
Mon Dec  2 09:45:02 EST 2013, 20.74, %O2
Mon Dec  2 09:46:01 EST 2013, 20.73, %O2
Mon Dec  2 09:47:02 EST 2013, 20.75, %O2
Mon Dec  2 09:48:01 EST 2013, 20.74, %O2
Mon Dec  2 09:49:02 EST 2013, 20.72, %O2
Mon Dec  2 09:50:02 EST 2013, 20.75, %O2
Mon Dec  2 09:51:01 EST 2013, 20.73, %O2
Mon Dec  2 09:52:02 EST 2013, 20.75, %O2
Mon Dec  2 09:53:01 EST 2013, 20.75, %O2
Mon Dec  2 09:54:02 EST 2013, 20.74, %O2
Mon Dec  2 09:55:01 EST 2013, 20.75, %O2
Mon Dec  2 09:56:01 EST 2013, 20.74, %O2
Mon Dec  2 09:57:01 EST 2013, 20.76, %O2
Mon Dec  2 09:58:01 EST 2013, 20.76, %O2
Mon Dec  2 09:59:01 EST 2013, 20.75, %O2
Mon Dec  2 10:00:01 EST 2013, 20.74, %O2
Mon Dec  2 10:01:01 EST 2013, 20.76, %O2
Mon Dec  2 10:02:01 EST 2013, 20.76, %O2
Mon Dec  2 10:03:01 EST 2013, 20.74, %O2
Mon Dec  2 10:04:01 EST 2013, 20.76, %O2
Mon Dec  2 10:05:01 EST 2013, 20.73, %O2
Mon Dec  2 10:06:01 EST 2013, 20.74, %O2
Mon Dec  2 10:07:02 EST 2013, 20.75, %O2
Mon Dec  2 10:08:01 EST 2013, 20.76, %O2
Mon Dec  2 10:09:02 EST 2013, 20.75, %O2
Mon Dec  2 10:10:02 EST 2013, 20.76, %O2
Mon Dec  2 10:11:01 EST 2013, 20.75, %O2
Mon Dec  2 10:12:02 EST 2013, 20.75, %O2
Mon Dec  2 10:13:01 EST 2013, 20.77, %O2
Mon Dec  2 10:14:02 EST 2013, 20.75, %O2
Mon Dec  2 10:15:01 EST 2013, 20.74, %O2
Mon Dec  2 10:16:02 EST 2013, 20.76, %O2
Mon Dec  2 10:17:02 EST 2013, 20.77, %O2
Mon Dec  2 10:18:01 EST 2013, 20.76, %O2
Mon Dec  2 10:19:02 EST 2013, 20.75, %O2
Mon Dec  2 10:20:01 EST 2013, 20.76, %O2
Mon Dec  2 10:21:02 EST 2013, 20.76, %O2
Mon Dec  2 10:22:02 EST 2013, 20.75, %O2
Mon Dec  2 10:23:01 EST 2013, 20.76, %O2
Mon Dec  2 10:24:02 EST 2013, 20.77, %O2
Mon Dec  2 10:25:01 EST 2013, 20.76, %O2
Mon Dec  2 10:26:02 EST 2013, 20.77, %O2
Mon Dec  2 10:27:01 EST 2013, 20.76, %O2
Mon Dec  2 10:28:02 EST 2013, 20.76, %O2
Mon Dec  2 10:29:01 EST 2013, 20.76, %O2
Mon Dec  2 10:30:02 EST 2013, 20.76, %O2
Mon Dec  2 10:31:01 EST 2013, 20.76, %O2
Mon Dec  2 10:32:02 EST 2013, 20.73, %O2
Mon Dec  2 10:33:02 EST 2013, 20.74, %O2
Mon Dec  2 10:34:01 EST 2013, 20.74, %O2
Mon Dec  2 10:35:02 EST 2013, 20.76, %O2
Mon Dec  2 10:36:01 EST 2013, 20.76, %O2
Mon Dec  2 10:37:02 EST 2013, 20.75, %O2
Mon Dec  2 10:38:01 EST 2013, 20.76, %O2
Mon Dec  2 10:39:02 EST 2013, 20.75, %O2
Mon Dec  2 10:40:02 EST 2013, 20.74, %O2
Mon Dec  2 10:41:02 EST 2013, 20.77, %O2
Mon Dec  2 10:42:01 EST 2013, 20.74, %O2
Mon Dec  2 10:43:02 EST 2013, 20.76, %O2
Mon Dec  2 10:44:01 EST 2013, 20.76, %O2
Mon Dec  2 10:45:02 EST 2013, 20.76, %O2
Mon Dec  2 10:46:01 EST 2013, 20.77, %O2
Mon Dec  2 10:47:02 EST 2013, 20.76, %O2
Mon Dec  2 10:48:01 EST 2013, 20.77, %O2
Mon Dec  2 10:49:02 EST 2013, 20.75, %O2
Mon Dec  2 10:50:01 EST 2013, 20.76, %O2
Mon Dec  2 10:51:02 EST 2013, 20.74, %O2
Mon Dec  2 10:52:02 EST 2013, 20.76, %O2
Mon Dec  2 10:53:01 EST 2013, 20.74, %O2
Mon Dec  2 10:54:02 EST 2013, 20.74, %O2
Mon Dec  2 10:55:01 EST 2013, 20.76, %O2
Mon Dec  2 10:56:02 EST 2013, 20.75, %O2
Mon Dec  2 10:57:01 EST 2013, 20.77, %O2
Mon Dec  2 10:58:01 EST 2013, 20.76, %O2
Mon Dec  2 10:59:02 EST 2013, 20.77, %O2
Mon Dec  2 11:00:01 EST 2013, 20.77, %O2
Mon Dec  2 11:01:02 EST 2013, 20.76, %O2
Mon Dec  2 11:02:01 EST 2013, 20.76, %O2
Mon Dec  2 11:03:02 EST 2013, 20.76, %O2
Mon Dec  2 11:04:01 EST 2013, 20.76, %O2
Mon Dec  2 11:05:02 EST 2013, 20.75, %O2
Mon Dec  2 11:06:01 EST 2013, 20.75, %O2
Mon Dec  2 11:07:02 EST 2013, 20.74, %O2
Mon Dec  2 11:08:02 EST 2013, 20.76, %O2
Mon Dec  2 11:09:01 EST 2013, 20.76, %O2
Mon Dec  2 11:10:01 EST 2013, 20.75, %O2
Mon Dec  2 11:11:01 EST 2013, 20.75, %O2
Mon Dec  2 11:12:01 EST 2013, 20.77, %O2
Mon Dec  2 11:13:02 EST 2013, 20.74, %O2
Mon Dec  2 11:14:01 EST 2013, 20.76, %O2
Mon Dec  2 11:15:02 EST 2013, 20.77, %O2
Mon Dec  2 11:16:01 EST 2013, 20.75, %O2
Mon Dec  2 11:17:02 EST 2013, 20.76, %O2
Mon Dec  2 11:18:02 EST 2013, 20.75, %O2
Mon Dec  2 11:19:01 EST 2013, 20.76, %O2
Mon Dec  2 11:20:02 EST 2013, 20.74, %O2
Mon Dec  2 11:21:01 EST 2013, 20.76, %O2
Mon Dec  2 11:22:02 EST 2013, 20.76, %O2
Mon Dec  2 11:23:01 EST 2013, 20.75, %O2
Mon Dec  2 11:24:02 EST 2013, 20.76, %O2
Mon Dec  2 11:25:01 EST 2013, 20.74, %O2
Mon Dec  2 11:26:01 EST 2013, 20.76, %O2
Mon Dec  2 11:27:01 EST 2013, 20.75, %O2
Mon Dec  2 11:28:01 EST 2013, 20.75, %O2
Mon Dec  2 11:29:02 EST 2013, 20.77, %O2
Mon Dec  2 11:30:01 EST 2013, 20.74, %O2
Mon Dec  2 11:31:02 EST 2013, 20.75, %O2
Mon Dec  2 11:32:01 EST 2013, 20.76, %O2
Mon Dec  2 11:33:02 EST 2013, 20.76, %O2
Mon Dec  2 11:34:01 EST 2013, 20.75, %O2
Mon Dec  2 11:35:02 EST 2013, 20.74, %O2
Mon Dec  2 11:36:01 EST 2013, 20.73, %O2
Mon Dec  2 11:37:02 EST 2013, 20.75, %O2
Mon Dec  2 11:38:01 EST 2013, 20.75, %O2
Mon Dec  2 11:39:02 EST 2013, 20.78, %O2
Mon Dec  2 11:40:02 EST 2013, 20.75, %O2
Mon Dec  2 11:41:01 EST 2013, 20.74, %O2
Mon Dec  2 11:42:02 EST 2013, 20.75, %O2
Mon Dec  2 11:43:02 EST 2013, 20.76, %O2
Mon Dec  2 11:44:01 EST 2013, 20.76, %O2
Mon Dec  2 11:45:02 EST 2013, 20.74, %O2
Mon Dec  2 11:46:01 EST 2013, 20.76, %O2
Mon Dec  2 11:47:02 EST 2013, 20.75, %O2
Mon Dec  2 11:48:01 EST 2013, 20.76, %O2
Mon Dec  2 11:49:01 EST 2013, 20.77, %O2
Mon Dec  2 11:50:02 EST 2013, 20.75, %O2
Mon Dec  2 11:51:01 EST 2013, 20.75, %O2
Mon Dec  2 11:52:02 EST 2013, 20.75, %O2
Mon Dec  2 11:53:01 EST 2013, 20.75, %O2
Mon Dec  2 11:54:02 EST 2013, 20.75, %O2
Mon Dec  2 11:55:01 EST 2013, 20.74, %O2
Mon Dec  2 11:56:01 EST 2013, 20.75, %O2
Mon Dec  2 11:57:02 EST 2013, 20.77, %O2
Mon Dec  2 11:58:01 EST 2013, 20.78, %O2
Mon Dec  2 11:59:02 EST 2013, 20.75, %O2
Mon Dec  2 12:00:01 EST 2013, 20.75, %O2
Mon Dec  2 12:01:02 EST 2013, 20.76, %O2
Mon Dec  2 12:02:01 EST 2013, 20.78, %O2
Mon Dec  2 12:03:02 EST 2013, 20.76, %O2
Mon Dec  2 12:04:01 EST 2013, 20.74, %O2
Mon Dec  2 12:05:02 EST 2013, 20.78, %O2
Mon Dec  2 12:06:01 EST 2013, 20.77, %O2
Mon Dec  2 12:07:02 EST 2013, 20.76, %O2
Mon Dec  2 12:08:01 EST 2013, 20.78, %O2
Mon Dec  2 12:09:02 EST 2013, 20.76, %O2
Mon Dec  2 12:10:02 EST 2013, 20.76, %O2
Mon Dec  2 12:11:01 EST 2013, 20.76, %O2
Mon Dec  2 12:12:02 EST 2013, 20.78, %O2
Mon Dec  2 12:13:01 EST 2013, 20.77, %O2
Mon Dec  2 12:14:02 EST 2013, 20.76, %O2
Mon Dec  2 12:15:01 EST 2013, 20.78, %O2
Mon Dec  2 12:16:02 EST 2013, 20.76, %O2
Mon Dec  2 12:17:02 EST 2013, 20.78, %O2
Mon Dec  2 12:18:01 EST 2013, 20.75, %O2
Mon Dec  2 12:19:02 EST 2013, 20.78, %O2
Mon Dec  2 12:20:01 EST 2013, 20.76, %O2
Mon Dec  2 12:21:02 EST 2013, 20.77, %O2
Mon Dec  2 12:22:01 EST 2013, 20.77, %O2
Mon Dec  2 12:23:02 EST 2013, 20.77, %O2
Mon Dec  2 12:24:01 EST 2013, 20.78, %O2
Mon Dec  2 12:25:01 EST 2013, 20.77, %O2
Mon Dec  2 12:26:02 EST 2013, 20.78, %O2
Mon Dec  2 12:27:01 EST 2013, 20.78, %O2
Mon Dec  2 12:28:02 EST 2013, 20.76, %O2
Mon Dec  2 12:29:01 EST 2013, 20.78, %O2
Mon Dec  2 12:30:02 EST 2013, 20.78, %O2
Mon Dec  2 12:31:01 EST 2013, 20.78, %O2
Mon Dec  2 12:32:02 EST 2013, 20.78, %O2
Mon Dec  2 12:33:01 EST 2013, 20.77, %O2
Mon Dec  2 12:34:02 EST 2013, 20.76, %O2
Mon Dec  2 12:35:01 EST 2013, 20.77, %O2
Mon Dec  2 12:36:02 EST 2013, 20.76, %O2
Mon Dec  2 12:37:01 EST 2013, 20.77, %O2
Mon Dec  2 12:38:02 EST 2013, 20.77, %O2
Mon Dec  2 12:39:01 EST 2013, 20.79, %O2
Mon Dec  2 12:40:01 EST 2013, 20.75, %O2
Mon Dec  2 12:41:02 EST 2013, 20.78, %O2
Mon Dec  2 12:42:01 EST 2013, 20.77, %O2
Mon Dec  2 12:43:02 EST 2013, 20.77, %O2
Mon Dec  2 12:44:01 EST 2013, 20.76, %O2
Mon Dec  2 12:45:02 EST 2013, 20.77, %O2
Mon Dec  2 12:46:02 EST 2013, 20.79, %O2
Mon Dec  2 12:47:01 EST 2013, 20.76, %O2
Mon Dec  2 12:48:02 EST 2013, 20.78, %O2
Mon Dec  2 12:49:01 EST 2013, 20.78, %O2
Mon Dec  2 12:50:01 EST 2013, 20.78, %O2
Mon Dec  2 12:51:02 EST 2013, 20.78, %O2
Mon Dec  2 12:52:01 EST 2013, 20.78, %O2
Mon Dec  2 12:53:02 EST 2013, 20.79, %O2
Mon Dec  2 12:54:01 EST 2013, 20.76, %O2
Mon Dec  2 12:55:02 EST 2013, 20.78, %O2
Mon Dec  2 12:56:01 EST 2013, 20.78, %O2
Mon Dec  2 12:57:02 EST 2013, 20.79, %O2
Mon Dec  2 12:58:01 EST 2013, 20.78, %O2
Mon Dec  2 12:59:02 EST 2013, 20.8, %O2
Mon Dec  2 13:00:01 EST 2013, 20.78, %O2
Mon Dec  2 13:01:01 EST 2013, 20.78, %O2
Mon Dec  2 13:02:02 EST 2013, 20.79, %O2
Mon Dec  2 13:03:01 EST 2013, 20.8, %O2
Mon Dec  2 13:04:02 EST 2013, 20.78, %O2
Mon Dec  2 13:05:01 EST 2013, 20.79, %O2
Mon Dec  2 13:06:02 EST 2013, 20.78, %O2
Mon Dec  2 13:07:01 EST 2013, 20.76, %O2
Mon Dec  2 13:08:01 EST 2013, 20.79, %O2
Mon Dec  2 13:09:02 EST 2013, 20.78, %O2
Mon Dec  2 13:10:02 EST 2013, 20.8, %O2
Mon Dec  2 13:11:01 EST 2013, 20.78, %O2
Mon Dec  2 13:12:02 EST 2013, 20.78, %O2
Mon Dec  2 13:13:01 EST 2013, 20.78, %O2
Mon Dec  2 13:14:02 EST 2013, 20.77, %O2
Mon Dec  2 13:15:01 EST 2013, 20.77, %O2
Mon Dec  2 13:16:02 EST 2013, 20.77, %O2
Mon Dec  2 13:17:01 EST 2013, 20.78, %O2
Mon Dec  2 13:18:01 EST 2013, 20.78, %O2
Mon Dec  2 13:19:02 EST 2013, 20.78, %O2
Mon Dec  2 13:20:01 EST 2013, 20.78, %O2
Mon Dec  2 13:21:02 EST 2013, 20.78, %O2
Mon Dec  2 13:22:01 EST 2013, 20.78, %O2
Mon Dec  2 13:23:02 EST 2013, 20.79, %O2
Mon Dec  2 13:24:01 EST 2013, 20.78, %O2
Mon Dec  2 13:25:02 EST 2013, 20.76, %O2
Mon Dec  2 13:26:01 EST 2013, 20.8, %O2
Mon Dec  2 13:27:01 EST 2013, 20.78, %O2
Mon Dec  2 13:28:02 EST 2013, 20.78, %O2
Mon Dec  2 13:29:01 EST 2013, 20.79, %O2
Mon Dec  2 13:30:02 EST 2013, 20.79, %O2
Mon Dec  2 13:31:01 EST 2013, 20.78, %O2
Mon Dec  2 13:32:02 EST 2013, 20.78, %O2
Mon Dec  2 13:33:01 EST 2013, 20.78, %O2
Mon Dec  2 13:34:02 EST 2013, 20.8, %O2
Mon Dec  2 13:35:01 EST 2013, 20.78, %O2
Mon Dec  2 13:36:02 EST 2013, 20.79, %O2
Mon Dec  2 13:37:01 EST 2013, 20.78, %O2
Mon Dec  2 13:38:02 EST 2013, 20.77, %O2
Mon Dec  2 13:39:02 EST 2013, 20.78, %O2
Mon Dec  2 13:40:01 EST 2013, 20.78, %O2
Mon Dec  2 13:41:02 EST 2013, 20.8, %O2
Mon Dec  2 13:42:01 EST 2013, 20.77, %O2
Mon Dec  2 13:43:02 EST 2013, 20.76, %O2
Mon Dec  2 13:44:02 EST 2013, 20.78, %O2
Mon Dec  2 13:45:01 EST 2013, 20.78, %O2
Mon Dec  2 13:46:02 EST 2013, 20.78, %O2
Mon Dec  2 13:47:01 EST 2013, 20.79, %O2
Mon Dec  2 13:48:02 EST 2013, 20.8, %O2
Mon Dec  2 13:49:01 EST 2013, 20.78, %O2
Mon Dec  2 13:50:02 EST 2013, 20.8, %O2
Mon Dec  2 13:51:01 EST 2013, 20.79, %O2
Mon Dec  2 13:52:02 EST 2013, 20.76, %O2
Mon Dec  2 13:53:01 EST 2013, 20.78, %O2
Mon Dec  2 13:54:02 EST 2013, 20.78, %O2
Mon Dec  2 13:55:01 EST 2013, 20.78, %O2
Mon Dec  2 13:56:01 EST 2013, 20.76, %O2
Mon Dec  2 13:57:01 EST 2013, 20.78, %O2
Mon Dec  2 13:58:02 EST 2013, 20.78, %O2
Mon Dec  2 13:59:01 EST 2013, 20.79, %O2
Mon Dec  2 14:00:02 EST 2013, 20.78, %O2
Mon Dec  2 14:01:02 EST 2013, 20.76, %O2
Mon Dec  2 14:02:01 EST 2013, 20.78, %O2
Mon Dec  2 14:03:02 EST 2013, 20.78, %O2
Mon Dec  2 14:04:01 EST 2013, 20.78, %O2
Mon Dec  2 14:05:02 EST 2013, 20.8, %O2
Mon Dec  2 14:06:01 EST 2013, 20.79, %O2
Mon Dec  2 14:07:02 EST 2013, 20.77, %O2
Mon Dec  2 14:08:01 EST 2013, 20.78, %O2
Mon Dec  2 14:09:02 EST 2013, 20.79, %O2
Mon Dec  2 14:10:02 EST 2013, 20.78, %O2
Mon Dec  2 14:11:01 EST 2013, 20.76, %O2
Mon Dec  2 14:12:01 EST 2013, 20.8, %O2
Mon Dec  2 14:13:02 EST 2013, 20.79, %O2
Mon Dec  2 14:14:01 EST 2013, 20.8, %O2
Mon Dec  2 14:15:02 EST 2013, 20.77, %O2
Mon Dec  2 14:16:01 EST 2013, 20.79, %O2
Mon Dec  2 14:17:02 EST 2013, 20.8, %O2
Mon Dec  2 14:18:02 EST 2013, 20.79, %O2
Mon Dec  2 14:19:01 EST 2013, 20.82, %O2
Mon Dec  2 14:20:02 EST 2013, 20.82, %O2
Mon Dec  2 14:21:01 EST 2013, 20.81, %O2
Mon Dec  2 14:22:02 EST 2013, 20.82, %O2
Mon Dec  2 14:23:01 EST 2013, 20.8, %O2
Mon Dec  2 14:24:02 EST 2013, 20.82, %O2
Mon Dec  2 14:25:01 EST 2013, 20.81, %O2
Mon Dec  2 14:26:02 EST 2013, 20.81, %O2
Mon Dec  2 14:27:01 EST 2013, 20.81, %O2
Mon Dec  2 14:28:01 EST 2013, 20.81, %O2
Mon Dec  2 14:29:02 EST 2013, 20.83, %O2
Mon Dec  2 14:30:01 EST 2013, 20.82, %O2
Mon Dec  2 14:31:02 EST 2013, 20.82, %O2
Mon Dec  2 14:32:01 EST 2013, 20.81, %O2
Mon Dec  2 14:33:02 EST 2013, 20.84, %O2
Mon Dec  2 14:34:01 EST 2013, 20.82, %O2
Mon Dec  2 14:35:02 EST 2013, 20.82, %O2
Mon Dec  2 14:36:02 EST 2013, 20.82, %O2
Mon Dec  2 14:37:01 EST 2013, 20.82, %O2
Mon Dec  2 14:38:02 EST 2013, 20.84, %O2
Mon Dec  2 14:39:01 EST 2013, 20.82, %O2
Mon Dec  2 14:40:01 EST 2013, 20.82, %O2
Mon Dec  2 14:41:01 EST 2013, 20.82, %O2
Mon Dec  2 14:42:01 EST 2013, 20.85, %O2
Mon Dec  2 14:43:01 EST 2013, 20.85, %O2
Mon Dec  2 14:44:01 EST 2013, 20.8, %O2
Mon Dec  2 14:45:01 EST 2013, 20.84, %O2
Mon Dec  2 14:46:01 EST 2013, 20.82, %O2
Mon Dec  2 14:47:02 EST 2013, 20.84, %O2
Mon Dec  2 14:48:01 EST 2013, 20.84, %O2
Mon Dec  2 14:49:02 EST 2013, 20.83, %O2
Mon Dec  2 14:50:01 EST 2013, 20.82, %O2
Mon Dec  2 14:51:02 EST 2013, 20.82, %O2
Mon Dec  2 14:52:01 EST 2013, 20.82, %O2
Mon Dec  2 14:53:01 EST 2013, 20.85, %O2
Mon Dec  2 14:54:02 EST 2013, 20.82, %O2
Mon Dec  2 14:55:01 EST 2013, 20.84, %O2
Mon Dec  2 14:56:02 EST 2013, 20.85, %O2
Mon Dec  2 14:57:01 EST 2013, 20.85, %O2
Mon Dec  2 14:58:02 EST 2013, 20.83, %O2
Mon Dec  2 14:59:01 EST 2013, 20.82, %O2
Mon Dec  2 15:00:02 EST 2013, 20.83, %O2
Mon Dec  2 15:01:01 EST 2013, 20.84, %O2
Mon Dec  2 15:02:02 EST 2013, 20.83, %O2
Mon Dec  2 15:03:01 EST 2013, 20.83, %O2
Mon Dec  2 15:04:02 EST 2013, 20.85, %O2
Mon Dec  2 15:05:01 EST 2013, 20.85, %O2
Mon Dec  2 15:06:02 EST 2013, 20.83, %O2
Mon Dec  2 15:07:01 EST 2013, 20.85, %O2
Mon Dec  2 15:08:02 EST 2013, 20.84, %O2
Mon Dec  2 15:09:02 EST 2013, 20.85, %O2
Mon Dec  2 15:10:01 EST 2013, 20.82, %O2
Mon Dec  2 15:11:01 EST 2013, 20.85, %O2
Mon Dec  2 15:12:01 EST 2013, 20.84, %O2
Mon Dec  2 15:13:01 EST 2013, 20.83, %O2
Mon Dec  2 15:14:02 EST 2013, 20.85, %O2
Mon Dec  2 15:15:01 EST 2013, 20.85, %O2
Mon Dec  2 15:16:02 EST 2013, 20.85, %O2
Mon Dec  2 15:17:01 EST 2013, 20.87, %O2
Mon Dec  2 15:18:02 EST 2013, 20.85, %O2
Mon Dec  2 15:19:01 EST 2013, 20.85, %O2
Mon Dec  2 15:20:02 EST 2013, 20.85, %O2
Mon Dec  2 15:21:02 EST 2013, 20.86, %O2
Mon Dec  2 15:22:01 EST 2013, 20.86, %O2
Mon Dec  2 15:23:02 EST 2013, 20.86, %O2
Mon Dec  2 15:24:01 EST 2013, 20.84, %O2
Mon Dec  2 15:25:02 EST 2013, 20.85, %O2
Mon Dec  2 15:26:01 EST 2013, 20.87, %O2
Mon Dec  2 15:27:02 EST 2013, 20.85, %O2
Mon Dec  2 15:28:01 EST 2013, 20.86, %O2
Mon Dec  2 15:29:02 EST 2013, 20.85, %O2
Mon Dec  2 15:30:02 EST 2013, 20.86, %O2
Mon Dec  2 15:31:01 EST 2013, 20.87, %O2
Mon Dec  2 15:32:02 EST 2013, 20.87, %O2
Mon Dec  2 15:33:01 EST 2013, 20.87, %O2
Mon Dec  2 15:34:02 EST 2013, 20.87, %O2
Mon Dec  2 15:35:01 EST 2013, 20.87, %O2
Mon Dec  2 15:36:02 EST 2013, 20.86, %O2
Mon Dec  2 15:37:01 EST 2013, 20.88, %O2
Mon Dec  2 15:38:02 EST 2013, 20.87, %O2
Mon Dec  2 15:39:02 EST 2013, 20.87, %O2
Mon Dec  2 15:40:01 EST 2013, 20.87, %O2
Mon Dec  2 15:41:02 EST 2013, 20.87, %O2
Mon Dec  2 15:42:02 EST 2013, 20.89, %O2
Mon Dec  2 15:43:01 EST 2013, 20.87, %O2
Mon Dec  2 15:44:02 EST 2013, 20.87, %O2
Mon Dec  2 15:45:01 EST 2013, 20.88, %O2
Mon Dec  2 15:46:02 EST 2013, 20.89, %O2
Mon Dec  2 15:47:01 EST 2013, 20.87, %O2
Mon Dec  2 15:48:02 EST 2013, 20.87, %O2
Mon Dec  2 15:49:01 EST 2013, 20.87, %O2
Mon Dec  2 15:50:02 EST 2013, 20.86, %O2
Mon Dec  2 15:51:02 EST 2013, 20.87, %O2
Mon Dec  2 15:52:01 EST 2013, 20.87, %O2
Mon Dec  2 15:53:02 EST 2013, 20.86, %O2
Mon Dec  2 15:54:01 EST 2013, 20.86, %O2
Mon Dec  2 15:55:02 EST 2013, 20.85, %O2
Mon Dec  2 15:56:01 EST 2013, 20.85, %O2
Mon Dec  2 15:57:02 EST 2013, 20.85, %O2
Mon Dec  2 15:58:01 EST 2013, 20.85, %O2
Mon Dec  2 15:59:01 EST 2013, 20.85, %O2
Mon Dec  2 16:00:02 EST 2013, 20.83, %O2
Mon Dec  2 16:01:01 EST 2013, 20.87, %O2
Mon Dec  2 16:02:02 EST 2013, 20.87, %O2
Mon Dec  2 16:03:01 EST 2013, 20.86, %O2
Mon Dec  2 16:04:02 EST 2013, 20.86, %O2
Mon Dec  2 16:05:01 EST 2013, 20.87, %O2
Mon Dec  2 16:06:02 EST 2013, 20.83, %O2
Mon Dec  2 16:07:01 EST 2013, 20.84, %O2
Mon Dec  2 16:08:02 EST 2013, 20.85, %O2
Mon Dec  2 16:09:01 EST 2013, 20.86, %O2
Mon Dec  2 16:10:01 EST 2013, 20.85, %O2
Mon Dec  2 16:11:02 EST 2013, 20.83, %O2
Mon Dec  2 16:12:01 EST 2013, 20.83, %O2
Mon Dec  2 16:13:02 EST 2013, 20.85, %O2
Mon Dec  2 16:14:01 EST 2013, 20.83, %O2
Mon Dec  2 16:15:02 EST 2013, 20.85, %O2
Mon Dec  2 16:16:01 EST 2013, 20.85, %O2
Mon Dec  2 16:17:01 EST 2013, 20.86, %O2
Mon Dec  2 16:18:02 EST 2013, 20.84, %O2
Mon Dec  2 16:19:01 EST 2013, 20.84, %O2
Mon Dec  2 16:20:02 EST 2013, 20.82, %O2
Mon Dec  2 16:21:01 EST 2013, 20.82, %O2
Mon Dec  2 16:22:02 EST 2013, 20.85, %O2
Mon Dec  2 16:23:01 EST 2013, 20.84, %O2
Mon Dec  2 16:24:02 EST 2013, 20.84, %O2
Mon Dec  2 16:25:01 EST 2013, 20.85, %O2
Mon Dec  2 16:26:01 EST 2013, 20.82, %O2
Mon Dec  2 16:27:02 EST 2013, 20.82, %O2
Mon Dec  2 16:28:01 EST 2013, 20.83, %O2
Mon Dec  2 16:29:02 EST 2013, 20.83, %O2
Mon Dec  2 16:30:01 EST 2013, 20.82, %O2
Mon Dec  2 16:31:02 EST 2013, 20.84, %O2
Mon Dec  2 16:32:01 EST 2013, 20.82, %O2
Mon Dec  2 16:33:02 EST 2013, 20.81, %O2
Mon Dec  2 16:34:01 EST 2013, 20.81, %O2
Mon Dec  2 16:35:02 EST 2013, 20.81, %O2
Mon Dec  2 16:36:02 EST 2013, 20.81, %O2
Mon Dec  2 16:37:01 EST 2013, 20.8, %O2
Mon Dec  2 16:38:02 EST 2013, 20.83, %O2
Mon Dec  2 16:39:01 EST 2013, 20.82, %O2
Mon Dec  2 16:40:01 EST 2013, 20.82, %O2
Mon Dec  2 16:41:02 EST 2013, 20.85, %O2
Mon Dec  2 16:42:01 EST 2013, 20.85, %O2
Mon Dec  2 16:43:02 EST 2013, 20.82, %O2
Mon Dec  2 16:44:01 EST 2013, 20.85, %O2
Mon Dec  2 16:45:02 EST 2013, 20.86, %O2
Mon Dec  2 16:46:02 EST 2013, 20.85, %O2
Mon Dec  2 16:47:01 EST 2013, 20.87, %O2
Mon Dec  2 16:48:02 EST 2013, 20.85, %O2
Mon Dec  2 16:49:01 EST 2013, 20.85, %O2
Mon Dec  2 16:50:02 EST 2013, 20.87, %O2
Mon Dec  2 16:51:01 EST 2013, 20.87, %O2
Mon Dec  2 16:52:02 EST 2013, 20.89, %O2
Mon Dec  2 16:53:01 EST 2013, 20.87, %O2
Mon Dec  2 16:54:02 EST 2013, 20.87, %O2
Mon Dec  2 16:55:01 EST 2013, 20.89, %O2
Mon Dec  2 16:56:02 EST 2013, 20.86, %O2
Mon Dec  2 16:57:01 EST 2013, 20.89, %O2
Mon Dec  2 16:58:02 EST 2013, 20.89, %O2
Mon Dec  2 16:59:01 EST 2013, 20.91, %O2
Mon Dec  2 17:00:01 EST 2013, 20.89, %O2
Mon Dec  2 17:01:01 EST 2013, 20.74, %O2
Mon Dec  2 17:02:01 EST 2013, 20.82, %O2
Mon Dec  2 17:03:02 EST 2013, 20.87, %O2
Mon Dec  2 17:04:01 EST 2013, 20.88, %O2
Mon Dec  2 17:05:02 EST 2013, 20.87, %O2
Mon Dec  2 17:06:01 EST 2013, 20.88, %O2
Mon Dec  2 17:07:02 EST 2013, 20.85, %O2
Mon Dec  2 17:08:01 EST 2013, 20.85, %O2
Mon Dec  2 17:09:02 EST 2013, 20.87, %O2
Mon Dec  2 17:10:02 EST 2013, 20.88, %O2
Mon Dec  2 17:11:01 EST 2013, 20.85, %O2
Mon Dec  2 17:12:02 EST 2013, 20.87, %O2
Mon Dec  2 17:13:01 EST 2013, 20.88, %O2
Mon Dec  2 17:14:02 EST 2013, 20.86, %O2
Mon Dec  2 17:15:01 EST 2013, 20.87, %O2
Mon Dec  2 17:16:02 EST 2013, 20.79, %O2
Mon Dec  2 17:17:02 EST 2013, 20.87, %O2
Mon Dec  2 17:18:01 EST 2013, 20.87, %O2
Mon Dec  2 17:19:02 EST 2013, 20.87, %O2
Mon Dec  2 17:20:01 EST 2013, 20.87, %O2
Mon Dec  2 17:21:02 EST 2013, 20.89, %O2
Mon Dec  2 17:22:01 EST 2013, 20.86, %O2
Mon Dec  2 17:23:02 EST 2013, 20.86, %O2
Mon Dec  2 17:24:01 EST 2013, 20.7, %O2
Mon Dec  2 17:25:02 EST 2013, 20.85, %O2
Mon Dec  2 17:26:01 EST 2013, 20.85, %O2
Mon Dec  2 17:27:02 EST 2013, 20.84, %O2
Mon Dec  2 17:28:01 EST 2013, 20.85, %O2
Mon Dec  2 17:29:02 EST 2013, 20.87, %O2
Mon Dec  2 17:30:01 EST 2013, 20.86, %O2
Mon Dec  2 17:31:02 EST 2013, 20.85, %O2
Mon Dec  2 17:32:01 EST 2013, 20.85, %O2
Mon Dec  2 17:33:01 EST 2013, 20.86, %O2
Mon Dec  2 17:34:02 EST 2013, 20.87, %O2
Mon Dec  2 17:35:01 EST 2013, 20.89, %O2
Mon Dec  2 17:36:02 EST 2013, 20.89, %O2
Mon Dec  2 17:37:01 EST 2013, 20.89, %O2
Mon Dec  2 17:38:02 EST 2013, 20.91, %O2
Mon Dec  2 17:39:02 EST 2013, 20.89, %O2
Mon Dec  2 17:40:01 EST 2013, 20.92, %O2
Mon Dec  2 17:41:02 EST 2013, 20.9, %O2
Mon Dec  2 17:42:01 EST 2013, 20.89, %O2
Mon Dec  2 17:43:02 EST 2013, 20.91, %O2
Mon Dec  2 17:44:01 EST 2013, 20.89, %O2
Mon Dec  2 17:45:01 EST 2013, 20.91, %O2
Mon Dec  2 17:46:02 EST 2013, 20.91, %O2
Mon Dec  2 17:47:01 EST 2013, 20.89, %O2
Mon Dec  2 17:48:02 EST 2013, 20.91, %O2
Mon Dec  2 17:49:01 EST 2013, 20.88, %O2
Mon Dec  2 17:50:02 EST 2013, 20.89, %O2
Mon Dec  2 17:51:01 EST 2013, 20.87, %O2
Mon Dec  2 17:52:02 EST 2013, 20.89, %O2
Mon Dec  2 17:53:01 EST 2013, 20.89, %O2
Mon Dec  2 17:54:02 EST 2013, 20.89, %O2
Mon Dec  2 17:55:02 EST 2013, 20.89, %O2
Mon Dec  2 17:56:01 EST 2013, 20.89, %O2
Mon Dec  2 17:57:02 EST 2013, 20.89, %O2
Mon Dec  2 17:58:01 EST 2013, 20.88, %O2
Mon Dec  2 17:59:02 EST 2013, 20.9, %O2
Mon Dec  2 18:00:01 EST 2013, 20.86, %O2
Mon Dec  2 18:01:02 EST 2013, 20.87, %O2
Mon Dec  2 18:02:01 EST 2013, 20.88, %O2
Mon Dec  2 18:03:02 EST 2013, 20.89, %O2
Mon Dec  2 18:04:02 EST 2013, 20.88, %O2
Mon Dec  2 18:05:01 EST 2013, 20.87, %O2
Mon Dec  2 18:06:02 EST 2013, 20.86, %O2
Mon Dec  2 18:07:01 EST 2013, 20.89, %O2
Mon Dec  2 18:08:02 EST 2013, 20.88, %O2
Mon Dec  2 18:09:02 EST 2013, 20.87, %O2
Mon Dec  2 18:10:01 EST 2013, 20.87, %O2
Mon Dec  2 18:11:02 EST 2013, 20.85, %O2
Mon Dec  2 18:12:01 EST 2013, 20.88, %O2
Mon Dec  2 18:13:01 EST 2013, 20.89, %O2
Mon Dec  2 18:14:02 EST 2013, 20.89, %O2
Mon Dec  2 18:15:01 EST 2013, 20.89, %O2
Mon Dec  2 18:16:02 EST 2013, 20.88, %O2
Mon Dec  2 18:17:01 EST 2013, 20.87, %O2
Mon Dec  2 18:18:02 EST 2013, 20.87, %O2
Mon Dec  2 18:19:01 EST 2013, 20.85, %O2
Mon Dec  2 18:20:01 EST 2013, 20.88, %O2
Mon Dec  2 18:21:02 EST 2013, 20.87, %O2
Mon Dec  2 18:22:01 EST 2013, 20.87, %O2
Mon Dec  2 18:23:02 EST 2013, 20.87, %O2
Mon Dec  2 18:24:01 EST 2013, 20.85, %O2
Mon Dec  2 18:25:02 EST 2013, 20.74, %O2
Mon Dec  2 18:26:01 EST 2013, 20.85, %O2
Mon Dec  2 18:27:02 EST 2013, 20.79, %O2
Mon Dec  2 18:28:02 EST 2013, 20.84, %O2
Mon Dec  2 18:29:01 EST 2013, 20.87, %O2
Mon Dec  2 18:30:02 EST 2013, 20.87, %O2
Mon Dec  2 18:31:01 EST 2013, 20.87, %O2
Mon Dec  2 18:32:02 EST 2013, 20.85, %O2
Mon Dec  2 18:33:01 EST 2013, 20.89, %O2
Mon Dec  2 18:34:02 EST 2013, 20.9, %O2
Mon Dec  2 18:35:01 EST 2013, 20.91, %O2
Mon Dec  2 18:36:01 EST 2013, 20.91, %O2
Mon Dec  2 18:37:02 EST 2013, 20.91, %O2
Mon Dec  2 18:38:01 EST 2013, 20.91, %O2
Mon Dec  2 18:39:02 EST 2013, 20.91, %O2
Mon Dec  2 18:40:02 EST 2013, 20.9, %O2
Mon Dec  2 18:41:01 EST 2013, 20.92, %O2
Mon Dec  2 18:42:02 EST 2013, 20.89, %O2
Mon Dec  2 18:43:01 EST 2013, 20.92, %O2
Mon Dec  2 18:44:02 EST 2013, 20.9, %O2
Mon Dec  2 18:45:01 EST 2013, 20.89, %O2
Mon Dec  2 18:46:01 EST 2013, 20.89, %O2
Mon Dec  2 18:47:01 EST 2013, 20.91, %O2
Mon Dec  2 18:48:01 EST 2013, 20.87, %O2
Mon Dec  2 18:49:01 EST 2013, 20.9, %O2
Mon Dec  2 18:50:01 EST 2013, 20.91, %O2
Mon Dec  2 18:51:02 EST 2013, 20.91, %O2
Mon Dec  2 18:52:01 EST 2013, 20.89, %O2
Mon Dec  2 18:53:02 EST 2013, 20.87, %O2
Mon Dec  2 18:54:01 EST 2013, 20.88, %O2
Mon Dec  2 18:55:02 EST 2013, 20.89, %O2
Mon Dec  2 18:56:02 EST 2013, 20.91, %O2
Mon Dec  2 18:57:01 EST 2013, 20.89, %O2
Mon Dec  2 18:58:02 EST 2013, 20.89, %O2
Mon Dec  2 18:59:01 EST 2013, 20.88, %O2
Mon Dec  2 19:00:02 EST 2013, 20.89, %O2
Mon Dec  2 19:01:01 EST 2013, 20.89, %O2
Mon Dec  2 19:02:02 EST 2013, 20.88, %O2
Mon Dec  2 19:03:01 EST 2013, 20.9, %O2
Mon Dec  2 19:04:02 EST 2013, 20.91, %O2
Mon Dec  2 19:05:01 EST 2013, 20.88, %O2
Mon Dec  2 19:06:01 EST 2013, 20.88, %O2
Mon Dec  2 19:07:02 EST 2013, 20.88, %O2
Mon Dec  2 19:08:01 EST 2013, 20.88, %O2
Mon Dec  2 19:09:02 EST 2013, 20.88, %O2
Mon Dec  2 19:10:02 EST 2013, 20.9, %O2
Mon Dec  2 19:11:01 EST 2013, 20.89, %O2
Mon Dec  2 19:12:02 EST 2013, 20.89, %O2
Mon Dec  2 19:13:01 EST 2013, 20.89, %O2
Mon Dec  2 19:14:01 EST 2013, 20.9, %O2
Mon Dec  2 19:15:02 EST 2013, 20.88, %O2
Mon Dec  2 19:16:01 EST 2013, 20.9, %O2
Mon Dec  2 19:17:02 EST 2013, 20.87, %O2
Mon Dec  2 19:18:01 EST 2013, 20.89, %O2
Mon Dec  2 19:19:02 EST 2013, 20.89, %O2
Mon Dec  2 19:20:01 EST 2013, 20.89, %O2
Mon Dec  2 19:21:02 EST 2013, 20.89, %O2
Mon Dec  2 19:22:02 EST 2013, 20.89, %O2
Mon Dec  2 19:23:01 EST 2013, 20.89, %O2
Mon Dec  2 19:24:02 EST 2013, 20.88, %O2
Mon Dec  2 19:25:01 EST 2013, 20.85, %O2
Mon Dec  2 19:26:02 EST 2013, 20.87, %O2
Mon Dec  2 19:27:01 EST 2013, 20.88, %O2
Mon Dec  2 19:28:02 EST 2013, 20.87, %O2
Mon Dec  2 19:29:01 EST 2013, 20.88, %O2
Mon Dec  2 19:30:02 EST 2013, 20.89, %O2
Mon Dec  2 19:31:01 EST 2013, 20.86, %O2
Mon Dec  2 19:32:02 EST 2013, 20.87, %O2
Mon Dec  2 19:33:01 EST 2013, 20.88, %O2
Mon Dec  2 19:34:02 EST 2013, 20.87, %O2
Mon Dec  2 19:35:02 EST 2013, 20.86, %O2
Mon Dec  2 19:36:01 EST 2013, 20.84, %O2
Mon Dec  2 19:37:02 EST 2013, 20.87, %O2
Mon Dec  2 19:38:01 EST 2013, 20.86, %O2
Mon Dec  2 19:39:02 EST 2013, 20.87, %O2
Mon Dec  2 19:40:02 EST 2013, 20.87, %O2
Mon Dec  2 19:41:01 EST 2013, 20.87, %O2
Mon Dec  2 19:42:02 EST 2013, 20.87, %O2
Mon Dec  2 19:43:01 EST 2013, 20.84, %O2
Mon Dec  2 19:44:02 EST 2013, 20.87, %O2
Mon Dec  2 19:45:02 EST 2013, 20.85, %O2
Mon Dec  2 19:46:01 EST 2013, 20.85, %O2
Mon Dec  2 19:47:02 EST 2013, 20.85, %O2
Mon Dec  2 19:48:01 EST 2013, 20.85, %O2
Mon Dec  2 19:49:02 EST 2013, 20.84, %O2
Mon Dec  2 19:50:01 EST 2013, 20.85, %O2
Mon Dec  2 19:51:02 EST 2013, 20.84, %O2
Mon Dec  2 19:52:01 EST 2013, 20.85, %O2
Mon Dec  2 19:53:01 EST 2013, 20.85, %O2
Mon Dec  2 19:54:02 EST 2013, 20.86, %O2
Mon Dec  2 19:55:01 EST 2013, 20.87, %O2
Mon Dec  2 19:56:02 EST 2013, 20.86, %O2
Mon Dec  2 19:57:01 EST 2013, 20.85, %O2
Mon Dec  2 19:58:02 EST 2013, 20.86, %O2
Mon Dec  2 19:59:01 EST 2013, 20.83, %O2
Mon Dec  2 20:00:02 EST 2013, 20.84, %O2
Mon Dec  2 20:01:02 EST 2013, 20.85, %O2
Mon Dec  2 20:02:01 EST 2013, 20.87, %O2
Mon Dec  2 20:03:02 EST 2013, 20.84, %O2
Mon Dec  2 20:04:01 EST 2013, 20.89, %O2
Mon Dec  2 20:05:02 EST 2013, 20.9, %O2
Mon Dec  2 20:06:01 EST 2013, 20.91, %O2
Mon Dec  2 20:07:02 EST 2013, 20.9, %O2
Mon Dec  2 20:08:01 EST 2013, 20.89, %O2
Mon Dec  2 20:09:02 EST 2013, 20.9, %O2
Mon Dec  2 20:10:02 EST 2013, 20.91, %O2
Mon Dec  2 20:11:02 EST 2013, 20.91, %O2
Mon Dec  2 20:12:01 EST 2013, 20.91, %O2
Mon Dec  2 20:13:02 EST 2013, 20.89, %O2
Mon Dec  2 20:14:01 EST 2013, 20.9, %O2
Mon Dec  2 20:15:02 EST 2013, 20.89, %O2
Mon Dec  2 20:16:01 EST 2013, 20.89, %O2
Mon Dec  2 20:17:02 EST 2013, 20.89, %O2
Mon Dec  2 20:18:01 EST 2013, 20.87, %O2
Mon Dec  2 20:19:01 EST 2013, 20.87, %O2
Mon Dec  2 20:20:02 EST 2013, 20.89, %O2
Mon Dec  2 20:21:01 EST 2013, 20.89, %O2
Mon Dec  2 20:22:02 EST 2013, 20.87, %O2
Mon Dec  2 20:23:01 EST 2013, 20.89, %O2
Mon Dec  2 20:24:02 EST 2013, 20.89, %O2
Mon Dec  2 20:25:01 EST 2013, 20.88, %O2
Mon Dec  2 20:26:02 EST 2013, 20.89, %O2
Mon Dec  2 20:27:01 EST 2013, 20.88, %O2
Mon Dec  2 20:28:01 EST 2013, 20.87, %O2
Mon Dec  2 20:29:01 EST 2013, 20.87, %O2
Mon Dec  2 20:30:01 EST 2013, 20.86, %O2
Mon Dec  2 20:31:01 EST 2013, 20.87, %O2
Mon Dec  2 20:32:01 EST 2013, 20.85, %O2
Mon Dec  2 20:33:01 EST 2013, 20.87, %O2
Mon Dec  2 20:34:01 EST 2013, 20.88, %O2
Mon Dec  2 20:35:02 EST 2013, 20.87, %O2
Mon Dec  2 20:36:01 EST 2013, 20.86, %O2
Mon Dec  2 20:37:02 EST 2013, 20.85, %O2
Mon Dec  2 20:38:01 EST 2013, 20.85, %O2
Mon Dec  2 20:39:02 EST 2013, 20.87, %O2
Mon Dec  2 20:40:02 EST 2013, 20.86, %O2
Mon Dec  2 20:41:01 EST 2013, 20.85, %O2
Mon Dec  2 20:42:02 EST 2013, 20.87, %O2
Mon Dec  2 20:43:01 EST 2013, 20.85, %O2
Mon Dec  2 20:44:02 EST 2013, 20.87, %O2
Mon Dec  2 20:45:01 EST 2013, 20.86, %O2
Mon Dec  2 20:46:01 EST 2013, 20.87, %O2
Mon Dec  2 20:47:02 EST 2013, 20.87, %O2
Mon Dec  2 20:48:01 EST 2013, 20.85, %O2
Mon Dec  2 20:49:02 EST 2013, 20.83, %O2
Mon Dec  2 20:50:01 EST 2013, 20.86, %O2
Mon Dec  2 20:51:02 EST 2013, 20.85, %O2
Mon Dec  2 20:52:01 EST 2013, 20.85, %O2
Mon Dec  2 20:53:01 EST 2013, 20.84, %O2
Mon Dec  2 20:54:02 EST 2013, 20.85, %O2
Mon Dec  2 20:55:01 EST 2013, 20.85, %O2
Mon Dec  2 20:56:02 EST 2013, 20.85, %O2
Mon Dec  2 20:57:01 EST 2013, 20.85, %O2
Mon Dec  2 20:58:02 EST 2013, 20.83, %O2
Mon Dec  2 20:59:01 EST 2013, 20.85, %O2
Mon Dec  2 21:00:02 EST 2013, 20.85, %O2
Mon Dec  2 21:01:01 EST 2013, 20.85, %O2
Mon Dec  2 21:02:02 EST 2013, 20.85, %O2
Mon Dec  2 21:03:01 EST 2013, 20.82, %O2
Mon Dec  2 21:04:02 EST 2013, 20.82, %O2
Mon Dec  2 21:05:02 EST 2013, 20.82, %O2
Mon Dec  2 21:06:01 EST 2013, 20.85, %O2
Mon Dec  2 21:07:02 EST 2013, 20.85, %O2
Mon Dec  2 21:08:01 EST 2013, 20.84, %O2
Mon Dec  2 21:09:02 EST 2013, 20.85, %O2
Mon Dec  2 21:10:02 EST 2013, 20.86, %O2
Mon Dec  2 21:11:01 EST 2013, 20.89, %O2
Mon Dec  2 21:12:02 EST 2013, 20.85, %O2
Mon Dec  2 21:13:01 EST 2013, 20.89, %O2
Mon Dec  2 21:14:02 EST 2013, 20.87, %O2
Mon Dec  2 21:15:01 EST 2013, 20.86, %O2
Mon Dec  2 21:16:02 EST 2013, 20.89, %O2
Mon Dec  2 21:17:02 EST 2013, 20.88, %O2
Mon Dec  2 21:18:01 EST 2013, 20.89, %O2
Mon Dec  2 21:19:02 EST 2013, 20.89, %O2
Mon Dec  2 21:20:01 EST 2013, 20.89, %O2
Mon Dec  2 21:21:01 EST 2013, 20.89, %O2
Mon Dec  2 21:22:01 EST 2013, 20.9, %O2
Mon Dec  2 21:23:01 EST 2013, 20.89, %O2
Mon Dec  2 21:24:02 EST 2013, 20.87, %O2
Mon Dec  2 21:25:01 EST 2013, 20.87, %O2
Mon Dec  2 21:26:02 EST 2013, 20.89, %O2
Mon Dec  2 21:27:01 EST 2013, 20.87, %O2
Mon Dec  2 21:28:02 EST 2013, 20.87, %O2
Mon Dec  2 21:29:01 EST 2013, 20.88, %O2
Mon Dec  2 21:30:02 EST 2013, 20.86, %O2
Mon Dec  2 21:31:02 EST 2013, 20.87, %O2
Mon Dec  2 21:32:01 EST 2013, 20.89, %O2
Mon Dec  2 21:33:02 EST 2013, 20.87, %O2
Mon Dec  2 21:34:01 EST 2013, 20.86, %O2
Mon Dec  2 21:35:02 EST 2013, 20.85, %O2
Mon Dec  2 21:36:01 EST 2013, 20.89, %O2
Mon Dec  2 21:37:02 EST 2013, 20.85, %O2
Mon Dec  2 21:38:02 EST 2013, 20.85, %O2
Mon Dec  2 21:39:01 EST 2013, 20.85, %O2
Mon Dec  2 21:40:01 EST 2013, 20.86, %O2
Mon Dec  2 21:41:02 EST 2013, 20.87, %O2
Mon Dec  2 21:42:01 EST 2013, 20.83, %O2
Mon Dec  2 21:43:02 EST 2013, 20.84, %O2
Mon Dec  2 21:44:01 EST 2013, 20.87, %O2
Mon Dec  2 21:45:02 EST 2013, 20.86, %O2
Mon Dec  2 21:46:01 EST 2013, 20.85, %O2
Mon Dec  2 21:47:02 EST 2013, 20.85, %O2
Mon Dec  2 21:48:02 EST 2013, 20.87, %O2
Mon Dec  2 21:49:01 EST 2013, 20.85, %O2
Mon Dec  2 21:50:02 EST 2013, 20.83, %O2
Mon Dec  2 21:51:01 EST 2013, 20.84, %O2
Mon Dec  2 21:52:02 EST 2013, 20.83, %O2
Mon Dec  2 21:53:01 EST 2013, 20.86, %O2
Mon Dec  2 21:54:02 EST 2013, 20.84, %O2
Mon Dec  2 21:55:01 EST 2013, 20.82, %O2
Mon Dec  2 21:56:01 EST 2013, 20.82, %O2
Mon Dec  2 21:57:01 EST 2013, 20.85, %O2
Mon Dec  2 21:58:01 EST 2013, 20.83, %O2
Mon Dec  2 21:59:01 EST 2013, 20.82, %O2
Mon Dec  2 22:00:01 EST 2013, 20.85, %O2
Mon Dec  2 22:01:02 EST 2013, 20.83, %O2
Mon Dec  2 22:02:01 EST 2013, 20.81, %O2
Mon Dec  2 22:03:02 EST 2013, 20.83, %O2
Mon Dec  2 22:04:01 EST 2013, 20.82, %O2
Mon Dec  2 22:05:01 EST 2013, 20.82, %O2
Mon Dec  2 22:06:02 EST 2013, 20.82, %O2
Mon Dec  2 22:07:01 EST 2013, 20.83, %O2
Mon Dec  2 22:08:02 EST 2013, 20.82, %O2
Mon Dec  2 22:09:01 EST 2013, 20.83, %O2
Mon Dec  2 22:10:01 EST 2013, 20.83, %O2
Mon Dec  2 22:11:02 EST 2013, 20.8, %O2
Mon Dec  2 22:12:01 EST 2013, 20.82, %O2
Mon Dec  2 22:13:02 EST 2013, 20.82, %O2
Mon Dec  2 22:14:02 EST 2013, 20.82, %O2
Mon Dec  2 22:15:01 EST 2013, 20.8, %O2
Mon Dec  2 22:16:02 EST 2013, 20.79, %O2
Mon Dec  2 22:17:01 EST 2013, 20.83, %O2
Mon Dec  2 22:18:02 EST 2013, 20.83, %O2
Mon Dec  2 22:19:01 EST 2013, 20.82, %O2
Mon Dec  2 22:20:02 EST 2013, 20.82, %O2
Mon Dec  2 22:21:01 EST 2013, 20.82, %O2
Mon Dec  2 22:22:02 EST 2013, 20.82, %O2
Mon Dec  2 22:23:01 EST 2013, 20.85, %O2
Mon Dec  2 22:24:02 EST 2013, 20.85, %O2
Mon Dec  2 22:25:01 EST 2013, 20.85, %O2
Mon Dec  2 22:26:01 EST 2013, 20.83, %O2
Mon Dec  2 22:27:02 EST 2013, 20.85, %O2
Mon Dec  2 22:28:01 EST 2013, 20.87, %O2
Mon Dec  2 22:29:02 EST 2013, 20.85, %O2
Mon Dec  2 22:30:01 EST 2013, 20.85, %O2
Mon Dec  2 22:31:02 EST 2013, 20.87, %O2
Mon Dec  2 22:32:01 EST 2013, 20.87, %O2
Mon Dec  2 22:33:02 EST 2013, 20.89, %O2
Mon Dec  2 22:34:02 EST 2013, 20.89, %O2
Mon Dec  2 22:35:01 EST 2013, 20.87, %O2
Mon Dec  2 22:36:02 EST 2013, 20.88, %O2
Mon Dec  2 22:37:01 EST 2013, 20.85, %O2
Mon Dec  2 22:38:02 EST 2013, 20.88, %O2
Mon Dec  2 22:39:02 EST 2013, 20.88, %O2
Mon Dec  2 22:40:01 EST 2013, 20.88, %O2
Mon Dec  2 22:41:02 EST 2013, 20.87, %O2
Mon Dec  2 22:42:02 EST 2013, 20.85, %O2
Mon Dec  2 22:43:01 EST 2013, 20.87, %O2
Mon Dec  2 22:44:02 EST 2013, 20.87, %O2
Mon Dec  2 22:45:01 EST 2013, 20.85, %O2
Mon Dec  2 22:46:02 EST 2013, 20.87, %O2
Mon Dec  2 22:47:01 EST 2013, 20.85, %O2
Mon Dec  2 22:48:01 EST 2013, 20.86, %O2
Mon Dec  2 22:49:02 EST 2013, 20.83, %O2
Mon Dec  2 22:50:01 EST 2013, 20.84, %O2
Mon Dec  2 22:51:02 EST 2013, 20.86, %O2
Mon Dec  2 22:52:01 EST 2013, 20.84, %O2
Mon Dec  2 22:53:02 EST 2013, 20.83, %O2
Mon Dec  2 22:54:01 EST 2013, 20.84, %O2
Mon Dec  2 22:55:02 EST 2013, 20.82, %O2
Mon Dec  2 22:56:01 EST 2013, 20.84, %O2
Mon Dec  2 22:57:01 EST 2013, 20.8, %O2
Mon Dec  2 22:58:02 EST 2013, 20.82, %O2
Mon Dec  2 22:59:01 EST 2013, 20.84, %O2
Mon Dec  2 23:00:02 EST 2013, 20.84, %O2
Mon Dec  2 23:01:01 EST 2013, 20.83, %O2
Mon Dec  2 23:02:02 EST 2013, 20.85, %O2
Mon Dec  2 23:03:01 EST 2013, 20.82, %O2
Mon Dec  2 23:04:02 EST 2013, 20.83, %O2
Mon Dec  2 23:05:01 EST 2013, 20.82, %O2
Mon Dec  2 23:06:02 EST 2013, 20.82, %O2
Mon Dec  2 23:07:02 EST 2013, 20.81, %O2
Mon Dec  2 23:08:01 EST 2013, 20.84, %O2
Mon Dec  2 23:09:02 EST 2013, 20.82, %O2
Mon Dec  2 23:10:02 EST 2013, 20.81, %O2
Mon Dec  2 23:11:01 EST 2013, 20.8, %O2
Mon Dec  2 23:12:02 EST 2013, 20.82, %O2
Mon Dec  2 23:13:01 EST 2013, 20.81, %O2
Mon Dec  2 23:14:01 EST 2013, 20.8, %O2
Mon Dec  2 23:15:01 EST 2013, 20.82, %O2
Mon Dec  2 23:16:01 EST 2013, 20.82, %O2
Mon Dec  2 23:17:02 EST 2013, 20.81, %O2
Mon Dec  2 23:18:01 EST 2013, 20.81, %O2
Mon Dec  2 23:19:02 EST 2013, 20.8, %O2
Mon Dec  2 23:20:01 EST 2013, 20.8, %O2
Mon Dec  2 23:21:02 EST 2013, 20.82, %O2
Mon Dec  2 23:22:01 EST 2013, 20.82, %O2
Mon Dec  2 23:23:02 EST 2013, 20.82, %O2
Mon Dec  2 23:24:02 EST 2013, 20.82, %O2
Mon Dec  2 23:25:01 EST 2013, 20.81, %O2
Mon Dec  2 23:26:02 EST 2013, 20.8, %O2
Mon Dec  2 23:27:01 EST 2013, 20.8, %O2
Mon Dec  2 23:28:02 EST 2013, 20.83, %O2
Mon Dec  2 23:29:01 EST 2013, 20.81, %O2
Mon Dec  2 23:30:02 EST 2013, 20.82, %O2
Mon Dec  2 23:31:01 EST 2013, 20.82, %O2
Mon Dec  2 23:32:02 EST 2013, 20.8, %O2
Mon Dec  2 23:33:01 EST 2013, 20.8, %O2
Mon Dec  2 23:34:02 EST 2013, 20.81, %O2
Mon Dec  2 23:35:01 EST 2013, 20.82, %O2
Mon Dec  2 23:36:01 EST 2013, 20.81, %O2
Mon Dec  2 23:37:02 EST 2013, 20.82, %O2
Mon Dec  2 23:38:01 EST 2013, 20.8, %O2
Mon Dec  2 23:39:02 EST 2013, 20.8, %O2
Mon Dec  2 23:40:02 EST 2013, 20.81, %O2
Mon Dec  2 23:41:01 EST 2013, 20.82, %O2
Mon Dec  2 23:42:02 EST 2013, 20.82, %O2
Mon Dec  2 23:43:01 EST 2013, 20.81, %O2
Mon Dec  2 23:44:02 EST 2013, 20.8, %O2
Mon Dec  2 23:45:01 EST 2013, 20.81, %O2
Mon Dec  2 23:46:02 EST 2013, 20.8, %O2
Mon Dec  2 23:47:01 EST 2013, 20.8, %O2
Mon Dec  2 23:48:02 EST 2013, 20.8, %O2
Mon Dec  2 23:49:01 EST 2013, 20.8, %O2
Mon Dec  2 23:50:02 EST 2013, 20.8, %O2
Mon Dec  2 23:51:01 EST 2013, 20.82, %O2
Mon Dec  2 23:52:02 EST 2013, 20.81, %O2
Mon Dec  2 23:53:01 EST 2013, 20.78, %O2
Mon Dec  2 23:54:02 EST 2013, 20.8, %O2
Mon Dec  2 23:55:01 EST 2013, 20.79, %O2
Mon Dec  2 23:56:01 EST 2013, 20.81, %O2
Mon Dec  2 23:57:01 EST 2013, 20.82, %O2
Mon Dec  2 23:58:01 EST 2013, 20.81, %O2
Mon Dec  2 23:59:02 EST 2013, 20.78, %O2
Tue Dec  3 00:00:01 EST 2013, 20.79, %O2
Tue Dec  3 00:01:02 EST 2013, 20.79, %O2
Tue Dec  3 00:02:01 EST 2013, 20.8, %O2
Tue Dec  3 00:03:02 EST 2013, 20.8, %O2
Tue Dec  3 00:04:01 EST 2013, 20.8, %O2
Tue Dec  3 00:05:02 EST 2013, 20.79, %O2
Tue Dec  3 00:06:02 EST 2013, 20.8, %O2
Tue Dec  3 00:07:01 EST 2013, 20.8, %O2
Tue Dec  3 00:08:02 EST 2013, 20.8, %O2
Tue Dec  3 00:09:01 EST 2013, 20.79, %O2
Tue Dec  3 00:10:01 EST 2013, 20.78, %O2
Tue Dec  3 00:11:01 EST 2013, 20.78, %O2
Tue Dec  3 00:12:01 EST 2013, 20.8, %O2
Tue Dec  3 00:13:01 EST 2013, 20.78, %O2
Tue Dec  3 00:14:01 EST 2013, 20.79, %O2
Tue Dec  3 00:15:02 EST 2013, 20.8, %O2
Tue Dec  3 00:16:01 EST 2013, 20.79, %O2
Tue Dec  3 00:17:02 EST 2013, 20.79, %O2
Tue Dec  3 00:18:01 EST 2013, 20.78, %O2
Tue Dec  3 00:19:02 EST 2013, 20.78, %O2
Tue Dec  3 00:20:01 EST 2013, 20.77, %O2
Tue Dec  3 00:21:02 EST 2013, 20.78, %O2
Tue Dec  3 00:22:02 EST 2013, 20.78, %O2
Tue Dec  3 00:23:01 EST 2013, 20.78, %O2
Tue Dec  3 00:24:02 EST 2013, 20.8, %O2
Tue Dec  3 00:25:01 EST 2013, 20.77, %O2
Tue Dec  3 00:26:02 EST 2013, 20.79, %O2
Tue Dec  3 00:27:01 EST 2013, 20.78, %O2
Tue Dec  3 00:28:02 EST 2013, 20.8, %O2
Tue Dec  3 00:29:01 EST 2013, 20.79, %O2
Tue Dec  3 00:30:01 EST 2013, 20.79, %O2
Tue Dec  3 00:31:02 EST 2013, 20.78, %O2
Tue Dec  3 00:32:01 EST 2013, 20.81, %O2
Tue Dec  3 00:33:02 EST 2013, 20.79, %O2
Tue Dec  3 00:34:01 EST 2013, 20.77, %O2
Tue Dec  3 00:35:02 EST 2013, 20.8, %O2
Tue Dec  3 00:36:01 EST 2013, 20.78, %O2
Tue Dec  3 00:37:02 EST 2013, 20.78, %O2
Tue Dec  3 00:38:01 EST 2013, 20.8, %O2
Tue Dec  3 00:39:02 EST 2013, 20.79, %O2
Tue Dec  3 00:40:02 EST 2013, 20.8, %O2
Tue Dec  3 00:41:01 EST 2013, 20.78, %O2
Tue Dec  3 00:42:02 EST 2013, 20.8, %O2
Tue Dec  3 00:43:01 EST 2013, 20.79, %O2
Tue Dec  3 00:44:02 EST 2013, 20.81, %O2
Tue Dec  3 00:45:01 EST 2013, 20.77, %O2
Tue Dec  3 00:46:02 EST 2013, 20.8, %O2
Tue Dec  3 00:47:02 EST 2013, 20.79, %O2
Tue Dec  3 00:48:01 EST 2013, 20.8, %O2
Tue Dec  3 00:49:02 EST 2013, 20.78, %O2
Tue Dec  3 00:50:01 EST 2013, 20.78, %O2
Tue Dec  3 00:51:02 EST 2013, 20.79, %O2
Tue Dec  3 00:52:01 EST 2013, 20.8, %O2
Tue Dec  3 00:53:02 EST 2013, 20.78, %O2
Tue Dec  3 00:54:01 EST 2013, 20.78, %O2
Tue Dec  3 00:55:02 EST 2013, 20.79, %O2
Tue Dec  3 00:56:01 EST 2013, 20.78, %O2
Tue Dec  3 00:57:02 EST 2013, 20.78, %O2
Tue Dec  3 00:58:01 EST 2013, 20.77, %O2
Tue Dec  3 00:59:02 EST 2013, 20.76, %O2
Tue Dec  3 01:00:01 EST 2013, 20.78, %O2
Tue Dec  3 01:01:02 EST 2013, 20.8, %O2
Tue Dec  3 01:02:01 EST 2013, 20.77, %O2
Tue Dec  3 01:03:02 EST 2013, 20.76, %O2
Tue Dec  3 01:04:01 EST 2013, 20.78, %O2
Tue Dec  3 01:05:02 EST 2013, 20.78, %O2
Tue Dec  3 01:06:01 EST 2013, 20.76, %O2
Tue Dec  3 01:07:02 EST 2013, 20.78, %O2
Tue Dec  3 01:08:02 EST 2013, 20.78, %O2
Tue Dec  3 01:09:01 EST 2013, 20.78, %O2
Tue Dec  3 01:10:01 EST 2013, 20.78, %O2
Tue Dec  3 01:11:02 EST 2013, 20.78, %O2
Tue Dec  3 01:12:01 EST 2013, 20.79, %O2
Tue Dec  3 01:13:02 EST 2013, 20.77, %O2
Tue Dec  3 01:14:01 EST 2013, 20.77, %O2
Tue Dec  3 01:15:02 EST 2013, 20.78, %O2
Tue Dec  3 01:16:01 EST 2013, 20.78, %O2
Tue Dec  3 01:17:02 EST 2013, 20.75, %O2
Tue Dec  3 01:18:01 EST 2013, 20.77, %O2
Tue Dec  3 01:19:02 EST 2013, 20.76, %O2
Tue Dec  3 01:20:01 EST 2013, 20.76, %O2
Tue Dec  3 01:21:02 EST 2013, 20.76, %O2
Tue Dec  3 01:22:02 EST 2013, 20.76, %O2
Tue Dec  3 01:23:01 EST 2013, 20.77, %O2
Tue Dec  3 01:24:02 EST 2013, 20.76, %O2
Tue Dec  3 01:25:01 EST 2013, 20.78, %O2
Tue Dec  3 01:26:02 EST 2013, 20.75, %O2
Tue Dec  3 01:27:01 EST 2013, 20.76, %O2
Tue Dec  3 01:28:02 EST 2013, 20.77, %O2
Tue Dec  3 01:29:01 EST 2013, 20.76, %O2
Tue Dec  3 01:30:01 EST 2013, 20.78, %O2
Tue Dec  3 01:31:01 EST 2013, 20.77, %O2
Tue Dec  3 01:32:01 EST 2013, 20.76, %O2
Tue Dec  3 01:33:02 EST 2013, 20.74, %O2
Tue Dec  3 01:34:01 EST 2013, 20.79, %O2
Tue Dec  3 01:35:02 EST 2013, 20.76, %O2
Tue Dec  3 01:36:01 EST 2013, 20.76, %O2
Tue Dec  3 01:37:02 EST 2013, 20.76, %O2
Tue Dec  3 01:38:01 EST 2013, 20.76, %O2
Tue Dec  3 01:39:01 EST 2013, 20.76, %O2
Tue Dec  3 01:40:01 EST 2013, 20.77, %O2
Tue Dec  3 01:41:02 EST 2013, 20.77, %O2
Tue Dec  3 01:42:01 EST 2013, 20.75, %O2
Tue Dec  3 01:43:02 EST 2013, 20.74, %O2
Tue Dec  3 01:44:01 EST 2013, 20.76, %O2
Tue Dec  3 01:45:02 EST 2013, 20.78, %O2
Tue Dec  3 01:46:01 EST 2013, 20.76, %O2
Tue Dec  3 01:47:01 EST 2013, 20.76, %O2
Tue Dec  3 01:48:02 EST 2013, 20.77, %O2
Tue Dec  3 01:49:01 EST 2013, 20.76, %O2
Tue Dec  3 01:50:02 EST 2013, 20.76, %O2
Tue Dec  3 01:51:01 EST 2013, 20.76, %O2
Tue Dec  3 01:52:02 EST 2013, 20.76, %O2
Tue Dec  3 01:53:01 EST 2013, 20.76, %O2
Tue Dec  3 01:54:02 EST 2013, 20.74, %O2
Tue Dec  3 01:55:01 EST 2013, 20.76, %O2
Tue Dec  3 01:56:02 EST 2013, 20.77, %O2
Tue Dec  3 01:57:01 EST 2013, 20.76, %O2
Tue Dec  3 01:58:02 EST 2013, 20.75, %O2
Tue Dec  3 01:59:02 EST 2013, 20.76, %O2
Tue Dec  3 02:00:01 EST 2013, 20.74, %O2
Tue Dec  3 02:01:02 EST 2013, 20.74, %O2
Tue Dec  3 02:02:01 EST 2013, 20.75, %O2
Tue Dec  3 02:03:02 EST 2013, 20.75, %O2
Tue Dec  3 02:04:01 EST 2013, 20.73, %O2
Tue Dec  3 02:05:02 EST 2013, 20.75, %O2
Tue Dec  3 02:06:01 EST 2013, 20.76, %O2
Tue Dec  3 02:07:02 EST 2013, 20.74, %O2
Tue Dec  3 02:08:01 EST 2013, 20.74, %O2
Tue Dec  3 02:09:02 EST 2013, 20.74, %O2
Tue Dec  3 02:10:02 EST 2013, 20.74, %O2
Tue Dec  3 02:11:01 EST 2013, 20.73, %O2
Tue Dec  3 02:12:02 EST 2013, 20.76, %O2
Tue Dec  3 02:13:01 EST 2013, 20.75, %O2
Tue Dec  3 02:14:01 EST 2013, 20.73, %O2
Tue Dec  3 02:15:02 EST 2013, 20.76, %O2
Tue Dec  3 02:16:01 EST 2013, 20.76, %O2
Tue Dec  3 02:17:02 EST 2013, 20.76, %O2
Tue Dec  3 02:18:01 EST 2013, 20.76, %O2
Tue Dec  3 02:19:02 EST 2013, 20.73, %O2
Tue Dec  3 02:20:01 EST 2013, 20.74, %O2
Tue Dec  3 02:21:02 EST 2013, 20.74, %O2
Tue Dec  3 02:22:01 EST 2013, 20.73, %O2
Tue Dec  3 02:23:01 EST 2013, 20.72, %O2
Tue Dec  3 02:24:01 EST 2013, 20.73, %O2
Tue Dec  3 02:25:01 EST 2013, 20.74, %O2
Tue Dec  3 02:26:02 EST 2013, 20.75, %O2
Tue Dec  3 02:27:01 EST 2013, 20.7, %O2
Tue Dec  3 02:28:02 EST 2013, 20.72, %O2
Tue Dec  3 02:29:01 EST 2013, 20.73, %O2
Tue Dec  3 02:30:02 EST 2013, 20.72, %O2
Tue Dec  3 02:31:01 EST 2013, 20.74, %O2
Tue Dec  3 02:32:02 EST 2013, 20.74, %O2
Tue Dec  3 02:33:01 EST 2013, 20.76, %O2
Tue Dec  3 02:34:01 EST 2013, 20.74, %O2
Tue Dec  3 02:35:02 EST 2013, 20.74, %O2
Tue Dec  3 02:36:01 EST 2013, 20.73, %O2
Tue Dec  3 02:37:02 EST 2013, 20.74, %O2
Tue Dec  3 02:38:01 EST 2013, 20.74, %O2
Tue Dec  3 02:39:02 EST 2013, 20.73, %O2
Tue Dec  3 02:40:02 EST 2013, 20.73, %O2
Tue Dec  3 02:41:01 EST 2013, 20.72, %O2
Tue Dec  3 02:42:02 EST 2013, 20.73, %O2
Tue Dec  3 02:43:01 EST 2013, 20.74, %O2
Tue Dec  3 02:44:02 EST 2013, 20.72, %O2
Tue Dec  3 02:45:01 EST 2013, 20.75, %O2
Tue Dec  3 02:46:02 EST 2013, 20.73, %O2
Tue Dec  3 02:47:01 EST 2013, 20.73, %O2
Tue Dec  3 02:48:02 EST 2013, 20.74, %O2
Tue Dec  3 02:49:02 EST 2013, 20.73, %O2
Tue Dec  3 02:50:01 EST 2013, 20.72, %O2
Tue Dec  3 02:51:02 EST 2013, 20.7, %O2
Tue Dec  3 02:52:01 EST 2013, 20.73, %O2
Tue Dec  3 02:53:02 EST 2013, 20.75, %O2
Tue Dec  3 02:54:01 EST 2013, 20.75, %O2
Tue Dec  3 02:55:02 EST 2013, 20.74, %O2
Tue Dec  3 02:56:01 EST 2013, 20.76, %O2
Tue Dec  3 02:57:02 EST 2013, 20.74, %O2
Tue Dec  3 02:58:01 EST 2013, 20.74, %O2
Tue Dec  3 02:59:02 EST 2013, 20.74, %O2
Tue Dec  3 03:00:01 EST 2013, 20.74, %O2
Tue Dec  3 03:01:02 EST 2013, 20.73, %O2
Tue Dec  3 03:02:02 EST 2013, 20.72, %O2
Tue Dec  3 03:03:01 EST 2013, 20.71, %O2
Tue Dec  3 03:04:02 EST 2013, 20.73, %O2
Tue Dec  3 03:05:01 EST 2013, 20.71, %O2
Tue Dec  3 03:06:02 EST 2013, 20.72, %O2
Tue Dec  3 03:07:01 EST 2013, 20.72, %O2
Tue Dec  3 03:08:02 EST 2013, 20.72, %O2
Tue Dec  3 03:09:02 EST 2013, 20.72, %O2
Tue Dec  3 03:10:01 EST 2013, 20.72, %O2
Tue Dec  3 03:11:02 EST 2013, 20.72, %O2
Tue Dec  3 03:12:02 EST 2013, 20.72, %O2
Tue Dec  3 03:13:01 EST 2013, 20.72, %O2
Tue Dec  3 03:14:02 EST 2013, 20.73, %O2
Tue Dec  3 03:15:01 EST 2013, 20.73, %O2
Tue Dec  3 03:16:02 EST 2013, 20.72, %O2
Tue Dec  3 03:17:01 EST 2013, 20.72, %O2
Tue Dec  3 03:18:02 EST 2013, 20.72, %O2
Tue Dec  3 03:19:02 EST 2013, 20.72, %O2
Tue Dec  3 03:20:01 EST 2013, 20.72, %O2
Tue Dec  3 03:21:02 EST 2013, 20.71, %O2
Tue Dec  3 03:22:01 EST 2013, 20.73, %O2
Tue Dec  3 03:23:02 EST 2013, 20.71, %O2
Tue Dec  3 03:24:01 EST 2013, 20.71, %O2
Tue Dec  3 03:25:02 EST 2013, 20.72, %O2
Tue Dec  3 03:26:01 EST 2013, 20.72, %O2
Tue Dec  3 03:27:01 EST 2013, 20.7, %O2
Tue Dec  3 03:28:02 EST 2013, 20.72, %O2
Tue Dec  3 03:29:01 EST 2013, 20.72, %O2
Tue Dec  3 03:30:02 EST 2013, 20.71, %O2
Tue Dec  3 03:31:01 EST 2013, 20.71, %O2
Tue Dec  3 03:32:02 EST 2013, 20.72, %O2
Tue Dec  3 03:33:01 EST 2013, 20.7, %O2
Tue Dec  3 03:34:02 EST 2013, 20.72, %O2
Tue Dec  3 03:35:02 EST 2013, 20.71, %O2
Tue Dec  3 03:36:01 EST 2013, 20.7, %O2
Tue Dec  3 03:37:02 EST 2013, 20.71, %O2
Tue Dec  3 03:38:01 EST 2013, 20.7, %O2
Tue Dec  3 03:39:02 EST 2013, 20.71, %O2
Tue Dec  3 03:40:02 EST 2013, 20.7, %O2
Tue Dec  3 03:41:01 EST 2013, 20.73, %O2
Tue Dec  3 03:42:02 EST 2013, 20.73, %O2
Tue Dec  3 03:43:01 EST 2013, 20.74, %O2
Tue Dec  3 03:44:02 EST 2013, 20.72, %O2
Tue Dec  3 03:45:01 EST 2013, 20.75, %O2
Tue Dec  3 03:46:02 EST 2013, 20.76, %O2
Tue Dec  3 03:47:01 EST 2013, 20.72, %O2
Tue Dec  3 03:48:02 EST 2013, 20.75, %O2
Tue Dec  3 03:49:01 EST 2013, 20.74, %O2
Tue Dec  3 03:50:02 EST 2013, 20.76, %O2
Tue Dec  3 03:51:01 EST 2013, 20.78, %O2
Tue Dec  3 03:52:02 EST 2013, 20.8, %O2
Tue Dec  3 03:53:01 EST 2013, 20.8, %O2
Tue Dec  3 03:54:01 EST 2013, 20.81, %O2
Tue Dec  3 03:55:02 EST 2013, 20.82, %O2
Tue Dec  3 03:56:01 EST 2013, 20.82, %O2
Tue Dec  3 03:57:02 EST 2013, 20.82, %O2
Tue Dec  3 03:58:01 EST 2013, 20.79, %O2
Tue Dec  3 03:59:02 EST 2013, 20.81, %O2
Tue Dec  3 04:00:01 EST 2013, 20.8, %O2
Tue Dec  3 04:01:02 EST 2013, 20.82, %O2
Tue Dec  3 04:02:01 EST 2013, 20.8, %O2
Tue Dec  3 04:03:02 EST 2013, 20.81, %O2
Tue Dec  3 04:04:02 EST 2013, 20.81, %O2
Tue Dec  3 04:05:01 EST 2013, 20.79, %O2
Tue Dec  3 04:06:02 EST 2013, 20.81, %O2
Tue Dec  3 04:07:01 EST 2013, 20.82, %O2
Tue Dec  3 04:08:02 EST 2013, 20.78, %O2
Tue Dec  3 04:09:02 EST 2013, 20.8, %O2
Tue Dec  3 04:10:01 EST 2013, 20.79, %O2
Tue Dec  3 04:11:02 EST 2013, 20.81, %O2
Tue Dec  3 04:12:01 EST 2013, 20.79, %O2
Tue Dec  3 04:13:02 EST 2013, 20.78, %O2
Tue Dec  3 04:14:01 EST 2013, 20.77, %O2
Tue Dec  3 04:15:02 EST 2013, 20.79, %O2
Tue Dec  3 04:16:01 EST 2013, 20.79, %O2
Tue Dec  3 04:17:01 EST 2013, 20.78, %O2
Tue Dec  3 04:18:01 EST 2013, 20.79, %O2
Tue Dec  3 04:19:01 EST 2013, 20.8, %O2
Tue Dec  3 04:20:02 EST 2013, 20.81, %O2
Tue Dec  3 04:21:01 EST 2013, 20.8, %O2
Tue Dec  3 04:22:02 EST 2013, 20.78, %O2
Tue Dec  3 04:23:01 EST 2013, 20.8, %O2
Tue Dec  3 04:24:02 EST 2013, 20.8, %O2
Tue Dec  3 04:25:02 EST 2013, 20.82, %O2
Tue Dec  3 04:26:01 EST 2013, 20.85, %O2
Tue Dec  3 04:27:02 EST 2013, 20.84, %O2
Tue Dec  3 04:28:01 EST 2013, 20.86, %O2
Tue Dec  3 04:29:02 EST 2013, 20.84, %O2
Tue Dec  3 04:30:01 EST 2013, 20.87, %O2
Tue Dec  3 04:31:02 EST 2013, 20.85, %O2
Tue Dec  3 04:32:01 EST 2013, 20.85, %O2
Tue Dec  3 04:33:02 EST 2013, 20.86, %O2
Tue Dec  3 04:34:01 EST 2013, 20.85, %O2
Tue Dec  3 04:35:02 EST 2013, 20.85, %O2
Tue Dec  3 04:36:01 EST 2013, 20.85, %O2
Tue Dec  3 04:37:01 EST 2013, 20.85, %O2
Tue Dec  3 04:38:02 EST 2013, 20.87, %O2
Tue Dec  3 04:39:01 EST 2013, 20.89, %O2
Tue Dec  3 04:40:01 EST 2013, 20.85, %O2
Tue Dec  3 04:41:02 EST 2013, 20.87, %O2
Tue Dec  3 04:42:01 EST 2013, 20.87, %O2
Tue Dec  3 04:43:02 EST 2013, 20.84, %O2
Tue Dec  3 04:44:01 EST 2013, 20.85, %O2
Tue Dec  3 04:45:02 EST 2013, 20.85, %O2
Tue Dec  3 04:46:01 EST 2013, 20.87, %O2
Tue Dec  3 04:47:01 EST 2013, 20.85, %O2
Tue Dec  3 04:48:02 EST 2013, 20.84, %O2
Tue Dec  3 04:49:01 EST 2013, 20.85, %O2
Tue Dec  3 04:50:02 EST 2013, 20.85, %O2
Tue Dec  3 04:51:01 EST 2013, 20.84, %O2
Tue Dec  3 04:52:02 EST 2013, 20.85, %O2
Tue Dec  3 04:53:01 EST 2013, 20.85, %O2
Tue Dec  3 04:54:01 EST 2013, 20.82, %O2
Tue Dec  3 04:55:02 EST 2013, 20.84, %O2
Tue Dec  3 04:56:01 EST 2013, 20.83, %O2
Tue Dec  3 04:57:02 EST 2013, 20.85, %O2
Tue Dec  3 04:58:01 EST 2013, 20.85, %O2
Tue Dec  3 04:59:02 EST 2013, 20.84, %O2
Tue Dec  3 05:00:01 EST 2013, 20.84, %O2
Tue Dec  3 05:01:02 EST 2013, 20.82, %O2
Tue Dec  3 05:02:02 EST 2013, 20.81, %O2
Tue Dec  3 05:03:01 EST 2013, 20.83, %O2
Tue Dec  3 05:04:02 EST 2013, 20.82, %O2
Tue Dec  3 05:05:01 EST 2013, 20.82, %O2
Tue Dec  3 05:06:02 EST 2013, 20.83, %O2
Tue Dec  3 05:07:01 EST 2013, 20.82, %O2
Tue Dec  3 05:08:02 EST 2013, 20.8, %O2
Tue Dec  3 05:09:02 EST 2013, 20.81, %O2
Tue Dec  3 05:10:01 EST 2013, 20.82, %O2
Tue Dec  3 05:11:02 EST 2013, 20.82, %O2
Tue Dec  3 05:12:01 EST 2013, 20.8, %O2
Tue Dec  3 05:13:02 EST 2013, 20.8, %O2
Tue Dec  3 05:14:01 EST 2013, 20.8, %O2
Tue Dec  3 05:15:02 EST 2013, 20.77, %O2
Tue Dec  3 05:16:01 EST 2013, 20.81, %O2
Tue Dec  3 05:17:01 EST 2013, 20.84, %O2
Tue Dec  3 05:18:02 EST 2013, 20.8, %O2
Tue Dec  3 05:19:02 EST 2013, 20.84, %O2
Tue Dec  3 05:20:01 EST 2013, 20.85, %O2
Tue Dec  3 05:21:02 EST 2013, 20.87, %O2
